--
-- PostgreSQL database dump
--

-- Dumped from database version 16.1
-- Dumped by pg_dump version 16.2

SET statement_timeout = 0;
SET lock_timeout = 0;
SET idle_in_transaction_session_timeout = 0;
SET client_encoding = 'UTF8';
SET standard_conforming_strings = on;
SELECT pg_catalog.set_config('search_path', '', false);
SET check_function_bodies = false;
SET xmloption = content;
SET client_min_messages = warning;
SET row_security = off;

--
-- Name: public; Type: SCHEMA; Schema: -; Owner: postgres
--

-- *not* creating schema, since initdb creates it


ALTER SCHEMA public OWNER TO postgres;

--
-- Name: SCHEMA public; Type: COMMENT; Schema: -; Owner: postgres
--

COMMENT ON SCHEMA public IS '';


--
-- Name: postgis; Type: EXTENSION; Schema: -; Owner: -
--

CREATE EXTENSION IF NOT EXISTS postgis WITH SCHEMA public;


--
-- Name: EXTENSION postgis; Type: COMMENT; Schema: -; Owner: 
--

COMMENT ON EXTENSION postgis IS 'PostGIS geometry and geography spatial types and functions';


SET default_tablespace = '';

SET default_table_access_method = heap;

--
-- Name: DatabaseManager_calificaciones; Type: TABLE; Schema: public; Owner: postgres
--

CREATE TABLE public."DatabaseManager_calificaciones" (
    id_calificacion integer NOT NULL,
    comentario text NOT NULL,
    fecha_calificacion timestamp with time zone NOT NULL,
    id_calificado_id integer NOT NULL,
    id_calificador_id integer NOT NULL
);


ALTER TABLE public."DatabaseManager_calificaciones" OWNER TO postgres;

--
-- Name: DatabaseManager_calificaciones_id_calificacion_seq; Type: SEQUENCE; Schema: public; Owner: postgres
--

ALTER TABLE public."DatabaseManager_calificaciones" ALTER COLUMN id_calificacion ADD GENERATED BY DEFAULT AS IDENTITY (
    SEQUENCE NAME public."DatabaseManager_calificaciones_id_calificacion_seq"
    START WITH 1
    INCREMENT BY 1
    NO MINVALUE
    NO MAXVALUE
    CACHE 1
);


--
-- Name: DatabaseManager_categoriascalificacion; Type: TABLE; Schema: public; Owner: postgres
--

CREATE TABLE public."DatabaseManager_categoriascalificacion" (
    id bigint NOT NULL,
    seguridad integer NOT NULL,
    limpieza integer NOT NULL,
    comodidad integer NOT NULL,
    puntualidad integer NOT NULL,
    id_calificacion_id integer NOT NULL
);


ALTER TABLE public."DatabaseManager_categoriascalificacion" OWNER TO postgres;

--
-- Name: DatabaseManager_categoriascalificacion_id_seq; Type: SEQUENCE; Schema: public; Owner: postgres
--

ALTER TABLE public."DatabaseManager_categoriascalificacion" ALTER COLUMN id ADD GENERATED BY DEFAULT AS IDENTITY (
    SEQUENCE NAME public."DatabaseManager_categoriascalificacion_id_seq"
    START WITH 1
    INCREMENT BY 1
    NO MINVALUE
    NO MAXVALUE
    CACHE 1
);


--
-- Name: DatabaseManager_comuna; Type: TABLE; Schema: public; Owner: postgres
--

CREATE TABLE public."DatabaseManager_comuna" (
    id_comuna integer NOT NULL,
    nombre_comuna character varying(50) NOT NULL
);


ALTER TABLE public."DatabaseManager_comuna" OWNER TO postgres;

--
-- Name: DatabaseManager_comuna_id_comuna_seq; Type: SEQUENCE; Schema: public; Owner: postgres
--

ALTER TABLE public."DatabaseManager_comuna" ALTER COLUMN id_comuna ADD GENERATED BY DEFAULT AS IDENTITY (
    SEQUENCE NAME public."DatabaseManager_comuna_id_comuna_seq"
    START WITH 1
    INCREMENT BY 1
    NO MINVALUE
    NO MAXVALUE
    CACHE 1
);


--
-- Name: DatabaseManager_comunacomunidad; Type: TABLE; Schema: public; Owner: postgres
--

CREATE TABLE public."DatabaseManager_comunacomunidad" (
    id bigint NOT NULL,
    id_comuna_id integer NOT NULL,
    id_comunidad_id integer NOT NULL
);


ALTER TABLE public."DatabaseManager_comunacomunidad" OWNER TO postgres;

--
-- Name: DatabaseManager_comunacomunidad_id_seq; Type: SEQUENCE; Schema: public; Owner: postgres
--

ALTER TABLE public."DatabaseManager_comunacomunidad" ALTER COLUMN id ADD GENERATED BY DEFAULT AS IDENTITY (
    SEQUENCE NAME public."DatabaseManager_comunacomunidad_id_seq"
    START WITH 1
    INCREMENT BY 1
    NO MINVALUE
    NO MAXVALUE
    CACHE 1
);


--
-- Name: DatabaseManager_comunaregion; Type: TABLE; Schema: public; Owner: postgres
--

CREATE TABLE public."DatabaseManager_comunaregion" (
    id bigint NOT NULL,
    id_comuna_id integer NOT NULL,
    id_region_id integer NOT NULL
);


ALTER TABLE public."DatabaseManager_comunaregion" OWNER TO postgres;

--
-- Name: DatabaseManager_comunaregion_id_seq; Type: SEQUENCE; Schema: public; Owner: postgres
--

ALTER TABLE public."DatabaseManager_comunaregion" ALTER COLUMN id ADD GENERATED BY DEFAULT AS IDENTITY (
    SEQUENCE NAME public."DatabaseManager_comunaregion_id_seq"
    START WITH 1
    INCREMENT BY 1
    NO MINVALUE
    NO MAXVALUE
    CACHE 1
);


--
-- Name: DatabaseManager_comunausuario; Type: TABLE; Schema: public; Owner: postgres
--

CREATE TABLE public."DatabaseManager_comunausuario" (
    id bigint NOT NULL,
    id_comuna_id integer NOT NULL,
    id_usuario_id integer NOT NULL
);


ALTER TABLE public."DatabaseManager_comunausuario" OWNER TO postgres;

--
-- Name: DatabaseManager_comunausuario_id_seq; Type: SEQUENCE; Schema: public; Owner: postgres
--

ALTER TABLE public."DatabaseManager_comunausuario" ALTER COLUMN id ADD GENERATED BY DEFAULT AS IDENTITY (
    SEQUENCE NAME public."DatabaseManager_comunausuario_id_seq"
    START WITH 1
    INCREMENT BY 1
    NO MINVALUE
    NO MAXVALUE
    CACHE 1
);


--
-- Name: DatabaseManager_comunidades; Type: TABLE; Schema: public; Owner: postgres
--

CREATE TABLE public."DatabaseManager_comunidades" (
    id_comunidad integer NOT NULL,
    nombre_comunidad character varying(100) NOT NULL,
    tiempo_registro timestamp with time zone NOT NULL,
    latitud double precision NOT NULL,
    longitud double precision NOT NULL
);


ALTER TABLE public."DatabaseManager_comunidades" OWNER TO postgres;

--
-- Name: DatabaseManager_comunidades_id_comunidad_seq; Type: SEQUENCE; Schema: public; Owner: postgres
--

ALTER TABLE public."DatabaseManager_comunidades" ALTER COLUMN id_comunidad ADD GENERATED BY DEFAULT AS IDENTITY (
    SEQUENCE NAME public."DatabaseManager_comunidades_id_comunidad_seq"
    START WITH 1
    INCREMENT BY 1
    NO MINVALUE
    NO MAXVALUE
    CACHE 1
);


--
-- Name: DatabaseManager_comunidadesusuario; Type: TABLE; Schema: public; Owner: postgres
--

CREATE TABLE public."DatabaseManager_comunidadesusuario" (
    id bigint NOT NULL,
    id_comunidad_id integer NOT NULL,
    id_usuario_id integer NOT NULL
);


ALTER TABLE public."DatabaseManager_comunidadesusuario" OWNER TO postgres;

--
-- Name: DatabaseManager_comunidadesusuario_id_seq; Type: SEQUENCE; Schema: public; Owner: postgres
--

ALTER TABLE public."DatabaseManager_comunidadesusuario" ALTER COLUMN id ADD GENERATED BY DEFAULT AS IDENTITY (
    SEQUENCE NAME public."DatabaseManager_comunidadesusuario_id_seq"
    START WITH 1
    INCREMENT BY 1
    NO MINVALUE
    NO MAXVALUE
    CACHE 1
);


--
-- Name: DatabaseManager_contactosemergencia; Type: TABLE; Schema: public; Owner: postgres
--

CREATE TABLE public."DatabaseManager_contactosemergencia" (
    id bigint NOT NULL,
    correo_emergencia character varying(50) NOT NULL,
    id_usuario_id integer NOT NULL
);


ALTER TABLE public."DatabaseManager_contactosemergencia" OWNER TO postgres;

--
-- Name: DatabaseManager_contactosemergencia_id_seq; Type: SEQUENCE; Schema: public; Owner: postgres
--

ALTER TABLE public."DatabaseManager_contactosemergencia" ALTER COLUMN id ADD GENERATED BY DEFAULT AS IDENTITY (
    SEQUENCE NAME public."DatabaseManager_contactosemergencia_id_seq"
    START WITH 1
    INCREMENT BY 1
    NO MINVALUE
    NO MAXVALUE
    CACHE 1
);


--
-- Name: DatabaseManager_denuncias; Type: TABLE; Schema: public; Owner: postgres
--

CREATE TABLE public."DatabaseManager_denuncias" (
    id bigint NOT NULL,
    tiempo_registro timestamp with time zone NOT NULL,
    id_denunciado_id integer NOT NULL,
    id_denunciante_id integer NOT NULL,
    info_denuncia text NOT NULL
);


ALTER TABLE public."DatabaseManager_denuncias" OWNER TO postgres;

--
-- Name: DatabaseManager_denuncias_id_seq; Type: SEQUENCE; Schema: public; Owner: postgres
--

ALTER TABLE public."DatabaseManager_denuncias" ALTER COLUMN id ADD GENERATED BY DEFAULT AS IDENTITY (
    SEQUENCE NAME public."DatabaseManager_denuncias_id_seq"
    START WITH 1
    INCREMENT BY 1
    NO MINVALUE
    NO MAXVALUE
    CACHE 1
);


--
-- Name: DatabaseManager_dias; Type: TABLE; Schema: public; Owner: postgres
--

CREATE TABLE public."DatabaseManager_dias" (
    id_dia integer NOT NULL,
    nombre_dia character varying(10) NOT NULL
);


ALTER TABLE public."DatabaseManager_dias" OWNER TO postgres;

--
-- Name: DatabaseManager_dias_id_dia_seq; Type: SEQUENCE; Schema: public; Owner: postgres
--

ALTER TABLE public."DatabaseManager_dias" ALTER COLUMN id_dia ADD GENERATED BY DEFAULT AS IDENTITY (
    SEQUENCE NAME public."DatabaseManager_dias_id_dia_seq"
    START WITH 1
    INCREMENT BY 1
    NO MINVALUE
    NO MAXVALUE
    CACHE 1
);


--
-- Name: DatabaseManager_diasrutas; Type: TABLE; Schema: public; Owner: postgres
--

CREATE TABLE public."DatabaseManager_diasrutas" (
    id bigint NOT NULL,
    id_dia_id integer NOT NULL,
    id_ruta_id integer NOT NULL
);


ALTER TABLE public."DatabaseManager_diasrutas" OWNER TO postgres;

--
-- Name: DatabaseManager_diasrutas_id_seq; Type: SEQUENCE; Schema: public; Owner: postgres
--

ALTER TABLE public."DatabaseManager_diasrutas" ALTER COLUMN id ADD GENERATED BY DEFAULT AS IDENTITY (
    SEQUENCE NAME public."DatabaseManager_diasrutas_id_seq"
    START WITH 1
    INCREMENT BY 1
    NO MINVALUE
    NO MAXVALUE
    CACHE 1
);


--
-- Name: DatabaseManager_miembroscomunidad; Type: TABLE; Schema: public; Owner: postgres
--

CREATE TABLE public."DatabaseManager_miembroscomunidad" (
    id bigint NOT NULL,
    tiempo_registro timestamp with time zone NOT NULL,
    id_comunidad_id integer NOT NULL,
    id_miembro_id integer NOT NULL
);


ALTER TABLE public."DatabaseManager_miembroscomunidad" OWNER TO postgres;

--
-- Name: DatabaseManager_miembroscomunidad_id_seq; Type: SEQUENCE; Schema: public; Owner: postgres
--

ALTER TABLE public."DatabaseManager_miembroscomunidad" ALTER COLUMN id ADD GENERATED BY DEFAULT AS IDENTITY (
    SEQUENCE NAME public."DatabaseManager_miembroscomunidad_id_seq"
    START WITH 1
    INCREMENT BY 1
    NO MINVALUE
    NO MAXVALUE
    CACHE 1
);


--
-- Name: DatabaseManager_miembrosruta; Type: TABLE; Schema: public; Owner: postgres
--

CREATE TABLE public."DatabaseManager_miembrosruta" (
    id bigint NOT NULL,
    tiempo_registro timestamp with time zone NOT NULL,
    id_miembro_id integer NOT NULL,
    id_ruta_id integer NOT NULL
);


ALTER TABLE public."DatabaseManager_miembrosruta" OWNER TO postgres;

--
-- Name: DatabaseManager_miembrosruta_id_seq; Type: SEQUENCE; Schema: public; Owner: postgres
--

ALTER TABLE public."DatabaseManager_miembrosruta" ALTER COLUMN id ADD GENERATED BY DEFAULT AS IDENTITY (
    SEQUENCE NAME public."DatabaseManager_miembrosruta_id_seq"
    START WITH 1
    INCREMENT BY 1
    NO MINVALUE
    NO MAXVALUE
    CACHE 1
);


--
-- Name: DatabaseManager_notificaciones; Type: TABLE; Schema: public; Owner: postgres
--

CREATE TABLE public."DatabaseManager_notificaciones" (
    id_notificacion integer NOT NULL,
    aceptada boolean NOT NULL,
    tiempo_registro timestamp with time zone NOT NULL,
    id_ruta_id integer,
    es_comunidad boolean NOT NULL,
    es_ruta boolean NOT NULL,
    id_comunidad_id integer,
    id_propietario_id integer NOT NULL,
    id_solicitante_id integer NOT NULL
);


ALTER TABLE public."DatabaseManager_notificaciones" OWNER TO postgres;

--
-- Name: DatabaseManager_notificaciones_id_notificacion_seq; Type: SEQUENCE; Schema: public; Owner: postgres
--

ALTER TABLE public."DatabaseManager_notificaciones" ALTER COLUMN id_notificacion ADD GENERATED BY DEFAULT AS IDENTITY (
    SEQUENCE NAME public."DatabaseManager_notificaciones_id_notificacion_seq"
    START WITH 1
    INCREMENT BY 1
    NO MINVALUE
    NO MAXVALUE
    CACHE 1
);


--
-- Name: DatabaseManager_ordentrayectoria; Type: TABLE; Schema: public; Owner: postgres
--

CREATE TABLE public."DatabaseManager_ordentrayectoria" (
    id bigint NOT NULL,
    orden integer NOT NULL,
    latitud double precision NOT NULL,
    longitud double precision NOT NULL,
    id_trayectoria_id integer NOT NULL
);


ALTER TABLE public."DatabaseManager_ordentrayectoria" OWNER TO postgres;

--
-- Name: DatabaseManager_ordentrayectoria_id_seq; Type: SEQUENCE; Schema: public; Owner: postgres
--

ALTER TABLE public."DatabaseManager_ordentrayectoria" ALTER COLUMN id ADD GENERATED BY DEFAULT AS IDENTITY (
    SEQUENCE NAME public."DatabaseManager_ordentrayectoria_id_seq"
    START WITH 1
    INCREMENT BY 1
    NO MINVALUE
    NO MAXVALUE
    CACHE 1
);


--
-- Name: DatabaseManager_region; Type: TABLE; Schema: public; Owner: postgres
--

CREATE TABLE public."DatabaseManager_region" (
    id_region integer NOT NULL,
    nombre_region character varying(50) NOT NULL
);


ALTER TABLE public."DatabaseManager_region" OWNER TO postgres;

--
-- Name: DatabaseManager_region_id_region_seq; Type: SEQUENCE; Schema: public; Owner: postgres
--

ALTER TABLE public."DatabaseManager_region" ALTER COLUMN id_region ADD GENERATED BY DEFAULT AS IDENTITY (
    SEQUENCE NAME public."DatabaseManager_region_id_region_seq"
    START WITH 1
    INCREMENT BY 1
    NO MINVALUE
    NO MAXVALUE
    CACHE 1
);


--
-- Name: DatabaseManager_roles; Type: TABLE; Schema: public; Owner: postgres
--

CREATE TABLE public."DatabaseManager_roles" (
    id_rol integer NOT NULL,
    nombre_rol character varying(30) NOT NULL
);


ALTER TABLE public."DatabaseManager_roles" OWNER TO postgres;

--
-- Name: DatabaseManager_roles_id_rol_seq; Type: SEQUENCE; Schema: public; Owner: postgres
--

ALTER TABLE public."DatabaseManager_roles" ALTER COLUMN id_rol ADD GENERATED BY DEFAULT AS IDENTITY (
    SEQUENCE NAME public."DatabaseManager_roles_id_rol_seq"
    START WITH 1
    INCREMENT BY 1
    NO MINVALUE
    NO MAXVALUE
    CACHE 1
);


--
-- Name: DatabaseManager_rolusuario; Type: TABLE; Schema: public; Owner: postgres
--

CREATE TABLE public."DatabaseManager_rolusuario" (
    id bigint NOT NULL,
    id_rol_id integer NOT NULL,
    id_usuario_id integer NOT NULL
);


ALTER TABLE public."DatabaseManager_rolusuario" OWNER TO postgres;

--
-- Name: DatabaseManager_rolusuario_id_seq; Type: SEQUENCE; Schema: public; Owner: postgres
--

ALTER TABLE public."DatabaseManager_rolusuario" ALTER COLUMN id ADD GENERATED BY DEFAULT AS IDENTITY (
    SEQUENCE NAME public."DatabaseManager_rolusuario_id_seq"
    START WITH 1
    INCREMENT BY 1
    NO MINVALUE
    NO MAXVALUE
    CACHE 1
);


--
-- Name: DatabaseManager_rutas; Type: TABLE; Schema: public; Owner: postgres
--

CREATE TABLE public."DatabaseManager_rutas" (
    id_ruta integer NOT NULL,
    nombre_ruta character varying(50) NOT NULL,
    origen character varying(30) NOT NULL,
    destino character varying(30) NOT NULL,
    hora_salida character varying(10) NOT NULL,
    tiempo_registro timestamp with time zone NOT NULL,
    id_conductor_id integer NOT NULL,
    id_vehiculo_id integer NOT NULL,
    cupos integer NOT NULL
);


ALTER TABLE public."DatabaseManager_rutas" OWNER TO postgres;

--
-- Name: DatabaseManager_rutas_id_ruta_seq; Type: SEQUENCE; Schema: public; Owner: postgres
--

ALTER TABLE public."DatabaseManager_rutas" ALTER COLUMN id_ruta ADD GENERATED BY DEFAULT AS IDENTITY (
    SEQUENCE NAME public."DatabaseManager_rutas_id_ruta_seq"
    START WITH 1
    INCREMENT BY 1
    NO MINVALUE
    NO MAXVALUE
    CACHE 1
);


--
-- Name: DatabaseManager_rutasejecutadas; Type: TABLE; Schema: public; Owner: postgres
--

CREATE TABLE public."DatabaseManager_rutasejecutadas" (
    id bigint NOT NULL,
    inicio_real timestamp with time zone,
    id_conductor_id integer NOT NULL,
    id_ruta_id integer NOT NULL
);


ALTER TABLE public."DatabaseManager_rutasejecutadas" OWNER TO postgres;

--
-- Name: DatabaseManager_rutasejecutadas_id_seq; Type: SEQUENCE; Schema: public; Owner: postgres
--

ALTER TABLE public."DatabaseManager_rutasejecutadas" ALTER COLUMN id ADD GENERATED BY DEFAULT AS IDENTITY (
    SEQUENCE NAME public."DatabaseManager_rutasejecutadas_id_seq"
    START WITH 1
    INCREMENT BY 1
    NO MINVALUE
    NO MAXVALUE
    CACHE 1
);


--
-- Name: DatabaseManager_trayectoria; Type: TABLE; Schema: public; Owner: postgres
--

CREATE TABLE public."DatabaseManager_trayectoria" (
    id_trayectoria integer NOT NULL,
    tiempo_registro timestamp with time zone NOT NULL,
    id_ruta_id integer NOT NULL
);


ALTER TABLE public."DatabaseManager_trayectoria" OWNER TO postgres;

--
-- Name: DatabaseManager_trayectoria_id_trayectoria_seq; Type: SEQUENCE; Schema: public; Owner: postgres
--

ALTER TABLE public."DatabaseManager_trayectoria" ALTER COLUMN id_trayectoria ADD GENERATED BY DEFAULT AS IDENTITY (
    SEQUENCE NAME public."DatabaseManager_trayectoria_id_trayectoria_seq"
    START WITH 1
    INCREMENT BY 1
    NO MINVALUE
    NO MAXVALUE
    CACHE 1
);


--
-- Name: DatabaseManager_ubicacion; Type: TABLE; Schema: public; Owner: postgres
--

CREATE TABLE public."DatabaseManager_ubicacion" (
    id bigint NOT NULL,
    latitud double precision NOT NULL,
    longitud double precision NOT NULL,
    tiempo_registro timestamp with time zone NOT NULL,
    id_emisor_id integer NOT NULL,
    id_receptor_id integer NOT NULL
);


ALTER TABLE public."DatabaseManager_ubicacion" OWNER TO postgres;

--
-- Name: DatabaseManager_ubicacion_id_seq; Type: SEQUENCE; Schema: public; Owner: postgres
--

ALTER TABLE public."DatabaseManager_ubicacion" ALTER COLUMN id ADD GENERATED BY DEFAULT AS IDENTITY (
    SEQUENCE NAME public."DatabaseManager_ubicacion_id_seq"
    START WITH 1
    INCREMENT BY 1
    NO MINVALUE
    NO MAXVALUE
    CACHE 1
);


--
-- Name: DatabaseManager_usuario; Type: TABLE; Schema: public; Owner: postgres
--

CREATE TABLE public."DatabaseManager_usuario" (
    id_usuario integer NOT NULL,
    nombre_usuario character varying(255) NOT NULL,
    apellido_usuario character varying(255) NOT NULL,
    edad character varying(255) NOT NULL,
    sexo character varying(255) NOT NULL,
    email character varying(255) NOT NULL,
    telefono character varying(255) NOT NULL,
    descripcion_usuario text NOT NULL,
    tiempo_registro timestamp with time zone NOT NULL,
    is_active boolean NOT NULL,
    is_staff boolean NOT NULL,
    is_superuser boolean NOT NULL,
    last_login timestamp with time zone,
    password character varying(255) NOT NULL,
    imagen_perfil character varying(100)
);


ALTER TABLE public."DatabaseManager_usuario" OWNER TO postgres;

--
-- Name: DatabaseManager_usuario_groups; Type: TABLE; Schema: public; Owner: postgres
--

CREATE TABLE public."DatabaseManager_usuario_groups" (
    id bigint NOT NULL,
    usuario_id integer NOT NULL,
    group_id integer NOT NULL
);


ALTER TABLE public."DatabaseManager_usuario_groups" OWNER TO postgres;

--
-- Name: DatabaseManager_usuario_groups_id_seq; Type: SEQUENCE; Schema: public; Owner: postgres
--

ALTER TABLE public."DatabaseManager_usuario_groups" ALTER COLUMN id ADD GENERATED BY DEFAULT AS IDENTITY (
    SEQUENCE NAME public."DatabaseManager_usuario_groups_id_seq"
    START WITH 1
    INCREMENT BY 1
    NO MINVALUE
    NO MAXVALUE
    CACHE 1
);


--
-- Name: DatabaseManager_usuario_id_usuario_seq; Type: SEQUENCE; Schema: public; Owner: postgres
--

ALTER TABLE public."DatabaseManager_usuario" ALTER COLUMN id_usuario ADD GENERATED BY DEFAULT AS IDENTITY (
    SEQUENCE NAME public."DatabaseManager_usuario_id_usuario_seq"
    START WITH 1
    INCREMENT BY 1
    NO MINVALUE
    NO MAXVALUE
    CACHE 1
);


--
-- Name: DatabaseManager_usuario_user_permissions; Type: TABLE; Schema: public; Owner: postgres
--

CREATE TABLE public."DatabaseManager_usuario_user_permissions" (
    id bigint NOT NULL,
    usuario_id integer NOT NULL,
    permission_id integer NOT NULL
);


ALTER TABLE public."DatabaseManager_usuario_user_permissions" OWNER TO postgres;

--
-- Name: DatabaseManager_usuario_user_permissions_id_seq; Type: SEQUENCE; Schema: public; Owner: postgres
--

ALTER TABLE public."DatabaseManager_usuario_user_permissions" ALTER COLUMN id ADD GENERATED BY DEFAULT AS IDENTITY (
    SEQUENCE NAME public."DatabaseManager_usuario_user_permissions_id_seq"
    START WITH 1
    INCREMENT BY 1
    NO MINVALUE
    NO MAXVALUE
    CACHE 1
);


--
-- Name: DatabaseManager_vehiculos; Type: TABLE; Schema: public; Owner: postgres
--

CREATE TABLE public."DatabaseManager_vehiculos" (
    id_vehiculo integer NOT NULL,
    marca_vehiculo character varying(50) NOT NULL,
    modelo_vehiculo character varying(50) NOT NULL,
    tipo_de_vehiculo character varying(50) NOT NULL,
    nro_asientos_disp integer NOT NULL,
    color_vehiculo character varying(20) NOT NULL,
    patente character varying(10) NOT NULL,
    ano_vehiculo character varying(4) NOT NULL,
    tiempo_registro timestamp with time zone NOT NULL,
    imagen_perfil character varying(100)
);


ALTER TABLE public."DatabaseManager_vehiculos" OWNER TO postgres;

--
-- Name: DatabaseManager_vehiculos_id_vehiculo_seq; Type: SEQUENCE; Schema: public; Owner: postgres
--

ALTER TABLE public."DatabaseManager_vehiculos" ALTER COLUMN id_vehiculo ADD GENERATED BY DEFAULT AS IDENTITY (
    SEQUENCE NAME public."DatabaseManager_vehiculos_id_vehiculo_seq"
    START WITH 1
    INCREMENT BY 1
    NO MINVALUE
    NO MAXVALUE
    CACHE 1
);


--
-- Name: DatabaseManager_vehiculousuario; Type: TABLE; Schema: public; Owner: postgres
--

CREATE TABLE public."DatabaseManager_vehiculousuario" (
    id bigint NOT NULL,
    id_usuario_id integer NOT NULL,
    id_vehiculo_id integer NOT NULL
);


ALTER TABLE public."DatabaseManager_vehiculousuario" OWNER TO postgres;

--
-- Name: DatabaseManager_vehiculousuario_id_seq; Type: SEQUENCE; Schema: public; Owner: postgres
--

ALTER TABLE public."DatabaseManager_vehiculousuario" ALTER COLUMN id ADD GENERATED BY DEFAULT AS IDENTITY (
    SEQUENCE NAME public."DatabaseManager_vehiculousuario_id_seq"
    START WITH 1
    INCREMENT BY 1
    NO MINVALUE
    NO MAXVALUE
    CACHE 1
);


--
-- Name: auth_group; Type: TABLE; Schema: public; Owner: postgres
--

CREATE TABLE public.auth_group (
    id integer NOT NULL,
    name character varying(150) NOT NULL
);


ALTER TABLE public.auth_group OWNER TO postgres;

--
-- Name: auth_group_id_seq; Type: SEQUENCE; Schema: public; Owner: postgres
--

ALTER TABLE public.auth_group ALTER COLUMN id ADD GENERATED BY DEFAULT AS IDENTITY (
    SEQUENCE NAME public.auth_group_id_seq
    START WITH 1
    INCREMENT BY 1
    NO MINVALUE
    NO MAXVALUE
    CACHE 1
);


--
-- Name: auth_group_permissions; Type: TABLE; Schema: public; Owner: postgres
--

CREATE TABLE public.auth_group_permissions (
    id bigint NOT NULL,
    group_id integer NOT NULL,
    permission_id integer NOT NULL
);


ALTER TABLE public.auth_group_permissions OWNER TO postgres;

--
-- Name: auth_group_permissions_id_seq; Type: SEQUENCE; Schema: public; Owner: postgres
--

ALTER TABLE public.auth_group_permissions ALTER COLUMN id ADD GENERATED BY DEFAULT AS IDENTITY (
    SEQUENCE NAME public.auth_group_permissions_id_seq
    START WITH 1
    INCREMENT BY 1
    NO MINVALUE
    NO MAXVALUE
    CACHE 1
);


--
-- Name: auth_permission; Type: TABLE; Schema: public; Owner: postgres
--

CREATE TABLE public.auth_permission (
    id integer NOT NULL,
    name character varying(255) NOT NULL,
    content_type_id integer NOT NULL,
    codename character varying(100) NOT NULL
);


ALTER TABLE public.auth_permission OWNER TO postgres;

--
-- Name: auth_permission_id_seq; Type: SEQUENCE; Schema: public; Owner: postgres
--

ALTER TABLE public.auth_permission ALTER COLUMN id ADD GENERATED BY DEFAULT AS IDENTITY (
    SEQUENCE NAME public.auth_permission_id_seq
    START WITH 1
    INCREMENT BY 1
    NO MINVALUE
    NO MAXVALUE
    CACHE 1
);


--
-- Name: django_admin_log; Type: TABLE; Schema: public; Owner: postgres
--

CREATE TABLE public.django_admin_log (
    id integer NOT NULL,
    action_time timestamp with time zone NOT NULL,
    object_id text,
    object_repr character varying(200) NOT NULL,
    action_flag smallint NOT NULL,
    change_message text NOT NULL,
    content_type_id integer,
    user_id integer NOT NULL,
    CONSTRAINT django_admin_log_action_flag_check CHECK ((action_flag >= 0))
);


ALTER TABLE public.django_admin_log OWNER TO postgres;

--
-- Name: django_admin_log_id_seq; Type: SEQUENCE; Schema: public; Owner: postgres
--

ALTER TABLE public.django_admin_log ALTER COLUMN id ADD GENERATED BY DEFAULT AS IDENTITY (
    SEQUENCE NAME public.django_admin_log_id_seq
    START WITH 1
    INCREMENT BY 1
    NO MINVALUE
    NO MAXVALUE
    CACHE 1
);


--
-- Name: django_content_type; Type: TABLE; Schema: public; Owner: postgres
--

CREATE TABLE public.django_content_type (
    id integer NOT NULL,
    app_label character varying(100) NOT NULL,
    model character varying(100) NOT NULL
);


ALTER TABLE public.django_content_type OWNER TO postgres;

--
-- Name: django_content_type_id_seq; Type: SEQUENCE; Schema: public; Owner: postgres
--

ALTER TABLE public.django_content_type ALTER COLUMN id ADD GENERATED BY DEFAULT AS IDENTITY (
    SEQUENCE NAME public.django_content_type_id_seq
    START WITH 1
    INCREMENT BY 1
    NO MINVALUE
    NO MAXVALUE
    CACHE 1
);


--
-- Name: django_migrations; Type: TABLE; Schema: public; Owner: postgres
--

CREATE TABLE public.django_migrations (
    id bigint NOT NULL,
    app character varying(255) NOT NULL,
    name character varying(255) NOT NULL,
    applied timestamp with time zone NOT NULL
);


ALTER TABLE public.django_migrations OWNER TO postgres;

--
-- Name: django_migrations_id_seq; Type: SEQUENCE; Schema: public; Owner: postgres
--

ALTER TABLE public.django_migrations ALTER COLUMN id ADD GENERATED BY DEFAULT AS IDENTITY (
    SEQUENCE NAME public.django_migrations_id_seq
    START WITH 1
    INCREMENT BY 1
    NO MINVALUE
    NO MAXVALUE
    CACHE 1
);


--
-- Name: django_session; Type: TABLE; Schema: public; Owner: postgres
--

CREATE TABLE public.django_session (
    session_key character varying(40) NOT NULL,
    session_data text NOT NULL,
    expire_date timestamp with time zone NOT NULL
);


ALTER TABLE public.django_session OWNER TO postgres;

--
-- Data for Name: DatabaseManager_calificaciones; Type: TABLE DATA; Schema: public; Owner: postgres
--

COPY public."DatabaseManager_calificaciones" (id_calificacion, comentario, fecha_calificacion, id_calificado_id, id_calificador_id) FROM stdin;
\.


--
-- Data for Name: DatabaseManager_categoriascalificacion; Type: TABLE DATA; Schema: public; Owner: postgres
--

COPY public."DatabaseManager_categoriascalificacion" (id, seguridad, limpieza, comodidad, puntualidad, id_calificacion_id) FROM stdin;
\.


--
-- Data for Name: DatabaseManager_comuna; Type: TABLE DATA; Schema: public; Owner: postgres
--

COPY public."DatabaseManager_comuna" (id_comuna, nombre_comuna) FROM stdin;
1	Valdivia
2	Máfil
3	Panguipulli
4	Futrono
5	Río bueno
7	La Unión
8	Corral
9	Paillaco
10	Lanco
11	Mariquina
6	Lago Ranco
12	Los Lagos
\.


--
-- Data for Name: DatabaseManager_comunacomunidad; Type: TABLE DATA; Schema: public; Owner: postgres
--

COPY public."DatabaseManager_comunacomunidad" (id, id_comuna_id, id_comunidad_id) FROM stdin;
27	1	31
28	1	32
\.


--
-- Data for Name: DatabaseManager_comunaregion; Type: TABLE DATA; Schema: public; Owner: postgres
--

COPY public."DatabaseManager_comunaregion" (id, id_comuna_id, id_region_id) FROM stdin;
1	1	1
2	2	1
3	3	1
4	4	1
5	5	1
6	6	1
7	7	1
8	8	1
9	9	1
10	10	1
11	11	1
12	12	1
\.


--
-- Data for Name: DatabaseManager_comunausuario; Type: TABLE DATA; Schema: public; Owner: postgres
--

COPY public."DatabaseManager_comunausuario" (id, id_comuna_id, id_usuario_id) FROM stdin;
16	1	41
17	1	42
\.


--
-- Data for Name: DatabaseManager_comunidades; Type: TABLE DATA; Schema: public; Owner: postgres
--

COPY public."DatabaseManager_comunidades" (id_comunidad, nombre_comunidad, tiempo_registro, latitud, longitud) FROM stdin;
31	Los Madrugadores	2024-11-25 13:02:44.024586-03	-39.84524973771315	-73.2335399727847
32	Los ValdiLovers	2024-11-25 13:05:08.121346-03	-39.8416811511869	-73.2457362202091
\.


--
-- Data for Name: DatabaseManager_comunidadesusuario; Type: TABLE DATA; Schema: public; Owner: postgres
--

COPY public."DatabaseManager_comunidadesusuario" (id, id_comunidad_id, id_usuario_id) FROM stdin;
25	31	42
26	32	41
\.


--
-- Data for Name: DatabaseManager_contactosemergencia; Type: TABLE DATA; Schema: public; Owner: postgres
--

COPY public."DatabaseManager_contactosemergencia" (id, correo_emergencia, id_usuario_id) FROM stdin;
11	giorgio.nicolini.a@gmail.com	41
\.


--
-- Data for Name: DatabaseManager_denuncias; Type: TABLE DATA; Schema: public; Owner: postgres
--

COPY public."DatabaseManager_denuncias" (id, tiempo_registro, id_denunciado_id, id_denunciante_id, info_denuncia) FROM stdin;
\.


--
-- Data for Name: DatabaseManager_dias; Type: TABLE DATA; Schema: public; Owner: postgres
--

COPY public."DatabaseManager_dias" (id_dia, nombre_dia) FROM stdin;
1	Lunes
2	Martes
3	Miercoles
4	Jueves
5	Viernes
6	Sabado
7	Domingo
\.


--
-- Data for Name: DatabaseManager_diasrutas; Type: TABLE DATA; Schema: public; Owner: postgres
--

COPY public."DatabaseManager_diasrutas" (id, id_dia_id, id_ruta_id) FROM stdin;
51	1	27
52	2	27
53	3	27
54	1	28
55	2	28
56	3	28
\.


--
-- Data for Name: DatabaseManager_miembroscomunidad; Type: TABLE DATA; Schema: public; Owner: postgres
--

COPY public."DatabaseManager_miembroscomunidad" (id, tiempo_registro, id_comunidad_id, id_miembro_id) FROM stdin;
22	2024-11-25 13:02:44.036587-03	31	42
23	2024-11-25 13:05:08.129348-03	32	41
24	2024-11-25 13:12:08.656213-03	31	41
\.


--
-- Data for Name: DatabaseManager_miembrosruta; Type: TABLE DATA; Schema: public; Owner: postgres
--

COPY public."DatabaseManager_miembrosruta" (id, tiempo_registro, id_miembro_id, id_ruta_id) FROM stdin;
7	2024-11-25 13:12:00.542456-03	41	27
\.


--
-- Data for Name: DatabaseManager_notificaciones; Type: TABLE DATA; Schema: public; Owner: postgres
--

COPY public."DatabaseManager_notificaciones" (id_notificacion, aceptada, tiempo_registro, id_ruta_id, es_comunidad, es_ruta, id_comunidad_id, id_propietario_id, id_solicitante_id) FROM stdin;
31	t	2024-11-25 12:53:46.325381-03	27	f	t	\N	42	41
32	t	2024-11-25 13:07:24.806865-03	\N	t	f	31	42	41
\.


--
-- Data for Name: DatabaseManager_ordentrayectoria; Type: TABLE DATA; Schema: public; Owner: postgres
--

COPY public."DatabaseManager_ordentrayectoria" (id, orden, latitud, longitud, id_trayectoria_id) FROM stdin;
205	1	-39.84243228643012	-73.24424773269882	21
206	2	-39.841869924366826	-73.24648852053815	21
207	3	-39.83997191739504	-73.24575683602141	21
208	4	-39.83824960782546	-73.24575683667561	21
209	5	-39.83726540923627	-73.2461226782798	21
210	6	-39.83364086642393	-73.2409982824659	21
211	7	-39.82974746279984	-73.2349157700847	21
212	8	-39.82760303320547	-73.23541880474363	21
213	9	-39.826794463242976	-73.2362419499885	21
214	10	-39.82348538787437	-73.23537307045449	21
215	11	-39.82005901506966	-73.23127598833982	21
216	12	-39.81604028550809	-73.22562386461416	21
217	13	-39.81217182911841	-73.22039342589244	21
218	14	-39.80878437845028	-73.21696554508917	21
219	15	-39.80526781627634	-73.21385588164088	21
220	16	-39.803255181547904	-73.21336164377675	21
221	17	-39.79918176068006	-73.21430078178672	21
222	18	-39.79562007602834	-73.21345894409933	21
223	19	-39.792735958898334	-73.21245287608978	21
224	20	-39.789724900949466	-73.21157476845713	21
225	21	-39.78705158884198	-73.21189487969725	21
226	1	-39.842468763288096	-73.2442485351735	22
227	2	-39.84190640152356	-73.24635213388316	22
228	3	-39.83983265019814	-73.24566617776797	22
229	4	-39.83856071716592	-73.24575764045865	22
230	5	-39.83718987176945	-73.24639786686394	22
231	6	-39.83543233986056	-73.24397415429745	22
232	7	-39.83311072248257	-73.24009085859515	22
233	8	-39.83110701315878	-73.23679827041971	22
234	9	-39.83071668958996	-73.23656488745436	22
235	10	-39.82974027476355	-73.2348373932363	22
236	11	-39.827457012090306	-73.23537347377736	22
237	12	-39.82664843839768	-73.23619662294729	22
238	13	-39.82341404645358	-73.23523628464768	22
239	14	-39.81781095921589	-73.22827114801945	22
240	15	-39.81383775128387	-73.22269204229478	22
241	16	-39.80988281539703	-73.21803233810193	22
242	17	-39.804664409266415	-73.21363318740356	22
243	18	-39.801182804460154	-73.21390756893379	22
244	19	-39.79827067054775	-73.2143191389395	22
245	20	-39.794577709529314	-73.2129472267091	22
246	21	-39.78977899070044	-73.21159965137942	22
247	22	-39.78780919488242	-73.21159965137942	22
\.


--
-- Data for Name: DatabaseManager_region; Type: TABLE DATA; Schema: public; Owner: postgres
--

COPY public."DatabaseManager_region" (id_region, nombre_region) FROM stdin;
1	Región de los Ríos
\.


--
-- Data for Name: DatabaseManager_roles; Type: TABLE DATA; Schema: public; Owner: postgres
--

COPY public."DatabaseManager_roles" (id_rol, nombre_rol) FROM stdin;
1	Pasajero
2	Conductor
\.


--
-- Data for Name: DatabaseManager_rolusuario; Type: TABLE DATA; Schema: public; Owner: postgres
--

COPY public."DatabaseManager_rolusuario" (id, id_rol_id, id_usuario_id) FROM stdin;
113	2	41
114	1	41
115	1	42
116	2	42
\.


--
-- Data for Name: DatabaseManager_rutas; Type: TABLE DATA; Schema: public; Owner: postgres
--

COPY public."DatabaseManager_rutas" (id_ruta, nombre_ruta, origen, destino, hora_salida, tiempo_registro, id_conductor_id, id_vehiculo_id, cupos) FROM stdin;
27	Ruta Máfil	Valdivia	Máfil	7:00	2024-11-24 22:33:32.376599-03	42	22	3
28	Ruta Máfil	Valdivia	Máfil	7:00	2024-11-25 13:14:54.224631-03	42	22	4
\.


--
-- Data for Name: DatabaseManager_rutasejecutadas; Type: TABLE DATA; Schema: public; Owner: postgres
--

COPY public."DatabaseManager_rutasejecutadas" (id, inicio_real, id_conductor_id, id_ruta_id) FROM stdin;
\.


--
-- Data for Name: DatabaseManager_trayectoria; Type: TABLE DATA; Schema: public; Owner: postgres
--

COPY public."DatabaseManager_trayectoria" (id_trayectoria, tiempo_registro, id_ruta_id) FROM stdin;
21	2024-11-24 22:33:32.394971-03	27
22	2024-11-25 13:14:54.23856-03	28
\.


--
-- Data for Name: DatabaseManager_ubicacion; Type: TABLE DATA; Schema: public; Owner: postgres
--

COPY public."DatabaseManager_ubicacion" (id, latitud, longitud, tiempo_registro, id_emisor_id, id_receptor_id) FROM stdin;
\.


--
-- Data for Name: DatabaseManager_usuario; Type: TABLE DATA; Schema: public; Owner: postgres
--

COPY public."DatabaseManager_usuario" (id_usuario, nombre_usuario, apellido_usuario, edad, sexo, email, telefono, descripcion_usuario, tiempo_registro, is_active, is_staff, is_superuser, last_login, password, imagen_perfil) FROM stdin;
1	Giorgio	Nicolini	26	Masculino	giorgio.nicolini.a@gmail.com	93453086	hola soy el desarrollador	2024-04-18 21:29:35.308326-04	t	t	t	2024-11-20 17:07:11.402031-03	pbkdf2_sha256$720000$hu2a4BUyp1F9wvCubpoYtB$U5Crng6NsC+TfGOZ+pRP9oko+4JwPSk4TPZ0ClaICXI=	\N
41	Juan	Perez	22	Masculino	juanperez@ver.com	123456789	Estoy probando la app	2024-11-24 20:31:15.685811-03	t	f	f	\N	pbkdf2_sha256$720000$JO0KwFU5KyvtZ69lm6w3Pv$fYreIMvKrbaLUtUb/WO3/TlnqFQHS/mIFAL+HU1U9Sw=	perfil/Usuario2.png
42	Gonzalo	Perez	22	Masculino	gonzaloperez@ver.com	234567891	soy gonzalo	2024-11-24 20:34:00.968824-03	t	f	f	\N	pbkdf2_sha256$720000$WBy2AAIvObSQssk7qs2Osq$8KHQSCIXKzmYPnAWsWGX+ddvGRrWxtj4Nz4hmJkLz0c=	perfil/Usuario3.png
\.


--
-- Data for Name: DatabaseManager_usuario_groups; Type: TABLE DATA; Schema: public; Owner: postgres
--

COPY public."DatabaseManager_usuario_groups" (id, usuario_id, group_id) FROM stdin;
\.


--
-- Data for Name: DatabaseManager_usuario_user_permissions; Type: TABLE DATA; Schema: public; Owner: postgres
--

COPY public."DatabaseManager_usuario_user_permissions" (id, usuario_id, permission_id) FROM stdin;
\.


--
-- Data for Name: DatabaseManager_vehiculos; Type: TABLE DATA; Schema: public; Owner: postgres
--

COPY public."DatabaseManager_vehiculos" (id_vehiculo, marca_vehiculo, modelo_vehiculo, tipo_de_vehiculo, nro_asientos_disp, color_vehiculo, patente, ano_vehiculo, tiempo_registro, imagen_perfil) FROM stdin;
22	Nissan	V16	Auto	4	Gris	AA-AA-NN	2000	2024-11-24 20:46:28.971074-03	vehiculo/file_20161026143212_i10sGWt.jpg
\.


--
-- Data for Name: DatabaseManager_vehiculousuario; Type: TABLE DATA; Schema: public; Owner: postgres
--

COPY public."DatabaseManager_vehiculousuario" (id, id_usuario_id, id_vehiculo_id) FROM stdin;
13	42	22
\.


--
-- Data for Name: auth_group; Type: TABLE DATA; Schema: public; Owner: postgres
--

COPY public.auth_group (id, name) FROM stdin;
\.


--
-- Data for Name: auth_group_permissions; Type: TABLE DATA; Schema: public; Owner: postgres
--

COPY public.auth_group_permissions (id, group_id, permission_id) FROM stdin;
\.


--
-- Data for Name: auth_permission; Type: TABLE DATA; Schema: public; Owner: postgres
--

COPY public.auth_permission (id, name, content_type_id, codename) FROM stdin;
1	Can add Calificacion	1	add_calificaciones
2	Can change Calificacion	1	change_calificaciones
3	Can delete Calificacion	1	delete_calificaciones
4	Can view Calificacion	1	view_calificaciones
5	Can add Comunidad	2	add_comunidades
6	Can change Comunidad	2	change_comunidades
7	Can delete Comunidad	2	delete_comunidades
8	Can view Comunidad	2	view_comunidades
9	Can add Dia	3	add_dias
10	Can change Dia	3	change_dias
11	Can delete Dia	3	delete_dias
12	Can view Dia	3	view_dias
13	Can add RecepcionPasajero	4	add_recepcionpasajeros
14	Can change RecepcionPasajero	4	change_recepcionpasajeros
15	Can delete RecepcionPasajero	4	delete_recepcionpasajeros
16	Can view RecepcionPasajero	4	view_recepcionpasajeros
17	Can add Rol	5	add_roles
18	Can change Rol	5	change_roles
19	Can delete Rol	5	delete_roles
20	Can view Rol	5	view_roles
21	Can add Ruta	6	add_rutas
22	Can change Ruta	6	change_rutas
23	Can delete Ruta	6	delete_rutas
24	Can view Ruta	6	view_rutas
25	Can add Usuario	7	add_usuario
26	Can change Usuario	7	change_usuario
27	Can delete Usuario	7	delete_usuario
28	Can view Usuario	7	view_usuario
29	Can add Vehiculo	8	add_vehiculos
30	Can change Vehiculo	8	change_vehiculos
31	Can delete Vehiculo	8	delete_vehiculos
32	Can view Vehiculo	8	view_vehiculos
33	Can add VehiculoUsuario	9	add_vehiculousuario
34	Can change VehiculoUsuario	9	change_vehiculousuario
35	Can delete VehiculoUsuario	9	delete_vehiculousuario
36	Can view VehiculoUsuario	9	view_vehiculousuario
37	Can add TrayectoriaReal	10	add_trayectoriareal
38	Can change TrayectoriaReal	10	change_trayectoriareal
39	Can delete TrayectoriaReal	10	delete_trayectoriareal
40	Can view TrayectoriaReal	10	view_trayectoriareal
41	Can add Trayectoria	11	add_trayectoria
42	Can change Trayectoria	11	change_trayectoria
43	Can delete Trayectoria	11	delete_trayectoria
44	Can view Trayectoria	11	view_trayectoria
45	Can add RutaEjecutada	12	add_rutasejecutadas
46	Can change RutaEjecutada	12	change_rutasejecutadas
47	Can delete RutaEjecutada	12	delete_rutasejecutadas
48	Can view RutaEjecutada	12	view_rutasejecutadas
49	Can add RolUsuario	13	add_rolusuario
50	Can change RolUsuario	13	change_rolusuario
51	Can delete RolUsuario	13	delete_rolusuario
52	Can view RolUsuario	13	view_rolusuario
53	Can add RecepecionReal	14	add_recepecionreal
54	Can change RecepecionReal	14	change_recepecionreal
55	Can delete RecepecionReal	14	delete_recepecionreal
56	Can view RecepecionReal	14	view_recepecionreal
57	Can add OrdenTrayectoriaReal	15	add_ordentrayectoriareal
58	Can change OrdenTrayectoriaReal	15	change_ordentrayectoriareal
59	Can delete OrdenTrayectoriaReal	15	delete_ordentrayectoriareal
60	Can view OrdenTrayectoriaReal	15	view_ordentrayectoriareal
61	Can add OrdenTrayectoria	16	add_ordentrayectoria
62	Can change OrdenTrayectoria	16	change_ordentrayectoria
63	Can delete OrdenTrayectoria	16	delete_ordentrayectoria
64	Can view OrdenTrayectoria	16	view_ordentrayectoria
65	Can add DiasRuta	17	add_diasrutas
66	Can change DiasRuta	17	change_diasrutas
67	Can delete DiasRuta	17	delete_diasrutas
68	Can view DiasRuta	17	view_diasrutas
69	Can add ComunidadesUsuario	18	add_comunidadesusuario
70	Can change ComunidadesUsuario	18	change_comunidadesusuario
71	Can delete ComunidadesUsuario	18	delete_comunidadesusuario
72	Can view ComunidadesUsuario	18	view_comunidadesusuario
73	Can add Chat	19	add_chat
74	Can change Chat	19	change_chat
75	Can delete Chat	19	delete_chat
76	Can view Chat	19	view_chat
77	Can add Categoriascalificacion	20	add_categoriascalificacion
78	Can change Categoriascalificacion	20	change_categoriascalificacion
79	Can delete Categoriascalificacion	20	delete_categoriascalificacion
80	Can view Categoriascalificacion	20	view_categoriascalificacion
81	Can add log entry	21	add_logentry
82	Can change log entry	21	change_logentry
83	Can delete log entry	21	delete_logentry
84	Can view log entry	21	view_logentry
85	Can add permission	22	add_permission
86	Can change permission	22	change_permission
87	Can delete permission	22	delete_permission
88	Can view permission	22	view_permission
89	Can add group	23	add_group
90	Can change group	23	change_group
91	Can delete group	23	delete_group
92	Can view group	23	view_group
93	Can add content type	24	add_contenttype
94	Can change content type	24	change_contenttype
95	Can delete content type	24	delete_contenttype
96	Can view content type	24	view_contenttype
97	Can add session	25	add_session
98	Can change session	25	change_session
99	Can delete session	25	delete_session
100	Can view session	25	view_session
101	Can add comuna	26	add_comuna
102	Can change comuna	26	change_comuna
103	Can delete comuna	26	delete_comuna
104	Can view comuna	26	view_comuna
105	Can add region	27	add_region
106	Can change region	27	change_region
107	Can delete region	27	delete_region
108	Can view region	27	view_region
109	Can add comuna comunidad	28	add_comunacomunidad
110	Can change comuna comunidad	28	change_comunacomunidad
111	Can delete comuna comunidad	28	delete_comunacomunidad
112	Can view comuna comunidad	28	view_comunacomunidad
113	Can add comuna region	29	add_comunaregion
114	Can change comuna region	29	change_comunaregion
115	Can delete comuna region	29	delete_comunaregion
116	Can view comuna region	29	view_comunaregion
117	Can add ComunaUsuario	30	add_comunausuario
118	Can change ComunaUsuario	30	change_comunausuario
119	Can delete ComunaUsuario	30	delete_comunausuario
120	Can view ComunaUsuario	30	view_comunausuario
121	Can add ContactoEmergencia	31	add_contactosemergencia
122	Can change ContactoEmergencia	31	change_contactosemergencia
123	Can delete ContactoEmergencia	31	delete_contactosemergencia
124	Can view ContactoEmergencia	31	view_contactosemergencia
125	Can add Notificacion	32	add_notificaciones
126	Can change Notificacion	32	change_notificaciones
127	Can delete Notificacion	32	delete_notificaciones
128	Can view Notificacion	32	view_notificaciones
129	Can add MiembroComunidad	33	add_miembroscomunidad
130	Can change MiembroComunidad	33	change_miembroscomunidad
131	Can delete MiembroComunidad	33	delete_miembroscomunidad
132	Can view MiembroComunidad	33	view_miembroscomunidad
133	Can add MiembroRuta	34	add_miembrosruta
134	Can change MiembroRuta	34	change_miembrosruta
135	Can delete MiembroRuta	34	delete_miembrosruta
136	Can view MiembroRuta	34	view_miembrosruta
137	Can add Ubicacion	35	add_ubicacion
138	Can change Ubicacion	35	change_ubicacion
139	Can delete Ubicacion	35	delete_ubicacion
140	Can view Ubicacion	35	view_ubicacion
141	Can add Denuncia	36	add_denuncias
142	Can change Denuncia	36	change_denuncias
143	Can delete Denuncia	36	delete_denuncias
144	Can view Denuncia	36	view_denuncias
\.


--
-- Data for Name: django_admin_log; Type: TABLE DATA; Schema: public; Owner: postgres
--

COPY public.django_admin_log (id, action_time, object_id, object_repr, action_flag, change_message, content_type_id, user_id) FROM stdin;
1	2024-05-01 23:25:23.515126-04	1	Lunes	1	[{"added": {}}]	3	1
2	2024-05-01 23:25:29.840603-04	2	Martes	1	[{"added": {}}]	3	1
3	2024-05-01 23:25:36.503247-04	3	Miercoles	1	[{"added": {}}]	3	1
4	2024-05-01 23:25:41.165918-04	4	Jueves	1	[{"added": {}}]	3	1
5	2024-05-01 23:25:48.190127-04	5	Viernes	1	[{"added": {}}]	3	1
6	2024-05-01 23:26:03.392921-04	6	Sabado	1	[{"added": {}}]	3	1
7	2024-05-01 23:26:08.04495-04	7	Domingo	1	[{"added": {}}]	3	1
8	2024-05-01 23:26:58.696085-04	1	Pasajero	1	[{"added": {}}]	5	1
9	2024-05-01 23:27:10.75761-04	2	Conductor	1	[{"added": {}}]	5	1
10	2024-05-15 22:36:00.506204-04	1	grogu@ver.com - Conductor	1	[{"added": {}}]	13	1
11	2024-05-15 22:36:12.632442-04	2	grogu@ver.com - Pasajero	1	[{"added": {}}]	13	1
12	2024-05-15 22:38:54.302641-04	1	Comunidad Mafil	1	[{"added": {}}]	2	1
13	2024-05-15 22:39:13.285784-04	2	Comunidad Las Animas	1	[{"added": {}}]	2	1
14	2024-05-15 22:39:39.405195-04	3	Comunidad San Jose	1	[{"added": {}}]	2	1
15	2024-05-15 22:40:46.345959-04	1	grogu@ver.com - Comunidad Las Animas	1	[{"added": {}}]	18	1
16	2024-06-06 19:22:49.612424-04	1	grogu@ver.com - Comunidad Las Animas	2	[]	18	1
17	2024-06-10 19:20:11.292529-04	3	jango@ver.com	3		7	1
18	2024-06-10 21:54:56.154817-04	4	jango@ver.com	3		7	1
19	2024-06-10 21:57:14.832824-04	5	jango@ver.com	3		7	1
20	2024-06-11 00:10:09.253921-04	1	Gallardo	1	[{"added": {}}]	8	1
21	2024-06-11 00:10:23.638746-04	1	jango@ver.com - Gallardo	1	[{"added": {}}]	9	1
22	2024-06-12 15:29:44.35655-04	4	jango@ver.com - Conductor	1	[{"added": {}}]	13	1
23	2024-06-12 19:07:32.969349-04	2	grogu@ver.com	3		7	1
24	2024-06-12 19:07:32.972738-04	6	jango@ver.com	3		7	1
25	2024-06-12 19:07:32.974748-04	7	khai@ver.com	3		7	1
26	2024-06-12 19:07:32.97575-04	8	alex@ver.com	3		7	1
27	2024-06-12 19:11:09.31997-04	9	alex@ver.com	3		7	1
28	2024-06-12 19:21:24.57007-04	10	alex@ver.com	3		7	1
29	2024-06-12 19:26:45.028335-04	11	alex@ver.com	3		7	1
30	2024-06-12 19:49:55.485884-04	13	khai@ver.com	3		7	1
31	2024-06-12 19:50:18.064529-04	14	khai@ver.com	3		7	1
32	2024-06-12 19:52:40.332674-04	15	khai@ver.com	3		7	1
33	2024-06-12 19:55:45.117857-04	16	khai@ver.com	3		7	1
34	2024-06-12 19:56:26.064495-04	17	khai@ver.com	3		7	1
35	2024-06-12 20:01:47.613467-04	12	alex@ver.com	2	[{"changed": {"fields": ["Imagen de perfil Usuarios"]}}]	7	1
36	2024-06-12 20:07:55.470951-04	18	khai@ver.com	3		7	1
37	2024-06-12 20:10:36.56159-04	19	khai@ver.com	3		7	1
38	2024-06-12 20:11:41.225717-04	20	khai@ver.com	3		7	1
39	2024-06-12 20:12:09.869765-04	21	khai@ver.com	3		7	1
40	2024-06-12 20:46:13.791468-04	22	khai@ver.com	3		7	1
41	2024-06-12 20:52:35.291929-04	12	alex@ver.com	3		7	1
42	2024-06-12 20:53:52.670759-04	23	khai@ver.com	3		7	1
43	2024-06-12 20:55:53.144296-04	2	khai@ver.com - Gallardo	1	[{"added": {}}]	9	1
44	2024-06-12 21:50:23.244221-04	1	Gallardo	3		8	1
45	2024-06-19 20:45:33.298099-04	25	alex@ver.com	2	[{"changed": {"fields": ["Nombre del usuario"]}}]	7	1
46	2024-09-09 18:57:14.977399-03	29	palpatine@ver.com - Pasajero	3		13	1
47	2024-09-09 18:57:14.980191-03	27	palpatine@ver.com - Pasajero	3		13	1
48	2024-09-09 18:57:14.981917-03	33	palpatine@ver.com - Conductor	3		13	1
49	2024-09-09 18:57:14.982502-03	32	palpatine@ver.com - Conductor	3		13	1
50	2024-09-09 18:57:14.983057-03	30	palpatine@ver.com - Conductor	3		13	1
51	2024-09-09 18:57:14.983604-03	28	palpatine@ver.com - Conductor	3		13	1
52	2024-09-09 18:57:30.616516-03	34	palpatine@ver.com - Pasajero	3		13	1
53	2024-09-09 18:57:30.620508-03	31	palpatine@ver.com - Pasajero	3		13	1
54	2024-09-09 18:57:45.418009-03	35	palpatine@ver.com - Pasajero	1	[{"added": {}}]	13	1
55	2024-09-09 18:57:51.177934-03	36	palpatine@ver.com - Conductor	1	[{"added": {}}]	13	1
56	2024-09-09 19:03:47.329564-03	35	palpatine@ver.com - Pasajero	3		13	1
57	2024-09-09 19:03:47.332564-03	36	palpatine@ver.com - Conductor	3		13	1
58	2024-09-22 17:20:30.600974-03	64	khai@ver.com - Pasajero	3		13	1
59	2024-09-22 17:20:30.606394-03	63	khai@ver.com - Pasajero	3		13	1
60	2024-09-22 17:20:30.607521-03	62	khai@ver.com - Pasajero	3		13	1
61	2024-09-22 17:20:30.608326-03	61	khai@ver.com - Pasajero	3		13	1
62	2024-09-22 17:20:30.609111-03	60	khai@ver.com - Pasajero	3		13	1
63	2024-09-22 17:20:30.609915-03	59	khai@ver.com - Pasajero	3		13	1
64	2024-09-22 17:20:30.610692-03	58	khai@ver.com - Pasajero	3		13	1
65	2024-09-22 17:20:30.610692-03	53	khai@ver.com - Pasajero	3		13	1
66	2024-09-22 17:20:30.611702-03	52	khai@ver.com - Pasajero	3		13	1
67	2024-09-22 17:20:30.61279-03	51	khai@ver.com - Pasajero	3		13	1
68	2024-09-22 17:20:30.61279-03	50	khai@ver.com - Pasajero	3		13	1
69	2024-09-22 17:20:30.6138-03	46	khai@ver.com - Pasajero	3		13	1
70	2024-09-22 17:20:30.614792-03	45	khai@ver.com - Pasajero	3		13	1
71	2024-09-22 17:20:30.614792-03	43	khai@ver.com - Pasajero	3		13	1
72	2024-09-22 17:20:30.615792-03	23	khai@ver.com - Pasajero	3		13	1
73	2024-09-22 17:20:30.616793-03	72	khai@ver.com - Conductor	3		13	1
74	2024-09-22 17:20:30.617793-03	71	khai@ver.com - Conductor	3		13	1
75	2024-09-22 17:20:30.618794-03	70	khai@ver.com - Conductor	3		13	1
76	2024-09-22 17:20:30.620018-03	69	khai@ver.com - Conductor	3		13	1
77	2024-09-22 17:20:30.620628-03	68	khai@ver.com - Conductor	3		13	1
78	2024-09-22 17:20:30.621118-03	67	khai@ver.com - Conductor	3		13	1
79	2024-09-22 17:20:30.621594-03	66	khai@ver.com - Conductor	3		13	1
80	2024-09-22 17:20:30.621594-03	57	khai@ver.com - Conductor	3		13	1
81	2024-09-22 17:20:30.622597-03	56	khai@ver.com - Conductor	3		13	1
82	2024-09-22 17:20:30.623597-03	55	khai@ver.com - Conductor	3		13	1
83	2024-09-22 17:20:30.6246-03	54	khai@ver.com - Conductor	3		13	1
84	2024-09-22 17:20:30.6246-03	48	khai@ver.com - Conductor	3		13	1
85	2024-09-22 17:20:30.625598-03	47	khai@ver.com - Conductor	3		13	1
86	2024-09-22 17:20:30.626552-03	44	khai@ver.com - Conductor	3		13	1
87	2024-09-22 17:20:30.627197-03	24	khai@ver.com - Conductor	3		13	1
88	2024-09-22 17:20:44.166185-03	39	palpatine@ver.com - Pasajero	3		13	1
89	2024-09-22 17:20:44.171174-03	37	palpatine@ver.com - Pasajero	3		13	1
90	2024-09-22 17:20:44.172174-03	40	palpatine@ver.com - Conductor	3		13	1
91	2024-09-22 17:20:44.173187-03	38	palpatine@ver.com - Conductor	3		13	1
92	2024-09-22 17:20:59.936705-03	49	alex@ver.com - Conductor	3		13	1
93	2024-09-22 17:22:30.089272-03	1	Region object (1)	1	[{"added": {}}]	27	1
94	2024-09-22 17:23:27.199213-03	1	Comuna object (1)	1	[{"added": {}}]	26	1
95	2024-09-22 17:23:44.59781-03	2	Comuna object (2)	1	[{"added": {}}]	26	1
96	2024-09-22 17:23:56.895217-03	3	Comuna object (3)	1	[{"added": {}}]	26	1
97	2024-09-22 17:24:05.065524-03	4	Comuna object (4)	1	[{"added": {}}]	26	1
98	2024-09-22 17:24:17.343961-03	5	Comuna object (5)	1	[{"added": {}}]	26	1
99	2024-09-22 17:24:31.061311-03	6	Comuna object (6)	1	[{"added": {}}]	26	1
100	2024-09-22 17:24:41.29965-03	7	Comuna object (7)	1	[{"added": {}}]	26	1
101	2024-09-22 17:24:53.88658-03	8	Comuna object (8)	1	[{"added": {}}]	26	1
102	2024-09-22 17:25:07.760558-03	9	Comuna object (9)	1	[{"added": {}}]	26	1
103	2024-09-22 17:25:20.257655-03	10	Comuna object (10)	1	[{"added": {}}]	26	1
104	2024-09-22 17:25:37.931968-03	11	Comuna object (11)	1	[{"added": {}}]	26	1
105	2024-09-22 17:25:44.759711-03	12	Comuna object (12)	1	[{"added": {}}]	26	1
106	2024-09-22 17:36:04.707729-03	1	Región de los Ríos - Valdivia	1	[{"added": {}}]	29	1
107	2024-09-22 17:36:13.40146-03	2	Región de los Ríos - Máfil	1	[{"added": {}}]	29	1
108	2024-09-22 17:36:17.913203-03	3	Región de los Ríos - Panguipulli	1	[{"added": {}}]	29	1
109	2024-09-22 17:36:23.673968-03	4	Región de los Ríos - Futrono	1	[{"added": {}}]	29	1
110	2024-09-22 17:36:28.831772-03	5	Región de los Ríos - Río bueno	1	[{"added": {}}]	29	1
111	2024-09-22 17:36:37.899833-03	6	Región de los Ríos - lago Ranco	1	[{"added": {}}]	29	1
112	2024-09-22 17:36:46.821258-03	7	Región de los Ríos - La Unión	1	[{"added": {}}]	29	1
113	2024-09-22 17:36:54.168773-03	8	Región de los Ríos - Corral	1	[{"added": {}}]	29	1
114	2024-09-22 17:36:58.155106-03	9	Región de los Ríos - Paillaco	1	[{"added": {}}]	29	1
115	2024-09-22 17:37:33.013588-03	10	Región de los Ríos - Lanco	1	[{"added": {}}]	29	1
116	2024-09-22 17:37:39.032393-03	11	Región de los Ríos - Mariquina	1	[{"added": {}}]	29	1
117	2024-09-22 17:37:44.152245-03	12	Región de los Ríos - Los lagos	1	[{"added": {}}]	29	1
118	2024-09-22 17:38:07.109424-03	6	Lago Ranco	2	[{"changed": {"fields": ["Nombre de la comuna"]}}]	26	1
119	2024-09-22 17:38:22.177431-03	12	Los Lagos	2	[{"changed": {"fields": ["Nombre de la comuna"]}}]	26	1
120	2024-09-22 20:58:19.554438-03	1	Comunidad Mafil	3		2	1
121	2024-09-22 20:58:19.561512-03	2	Comunidad Las Animas	3		2	1
122	2024-09-22 20:58:19.562536-03	3	Comunidad San Jose	3		2	1
123	2024-09-22 22:14:15.458993-03	4	com_1	3		2	1
124	2024-09-22 22:41:23.310061-03	25	alex@ver.com	2	[{"changed": {"fields": ["Nombre del usuario"]}}]	7	1
125	2024-09-24 14:57:04.033325-03	86	khai@ver.com - Pasajero	3		13	1
126	2024-09-24 14:57:04.03827-03	84	khai@ver.com - Pasajero	3		13	1
127	2024-09-24 14:57:04.039262-03	82	khai@ver.com - Pasajero	3		13	1
128	2024-09-24 14:57:04.039837-03	80	khai@ver.com - Pasajero	3		13	1
129	2024-09-24 14:57:04.039837-03	78	khai@ver.com - Pasajero	3		13	1
130	2024-09-24 14:57:04.04184-03	76	khai@ver.com - Pasajero	3		13	1
131	2024-09-24 14:57:04.042839-03	74	khai@ver.com - Pasajero	3		13	1
132	2024-09-24 14:57:04.042839-03	87	khai@ver.com - Conductor	3		13	1
133	2024-09-24 14:57:04.043838-03	85	khai@ver.com - Conductor	3		13	1
134	2024-09-24 14:57:04.043838-03	83	khai@ver.com - Conductor	3		13	1
135	2024-09-24 14:57:04.044839-03	81	khai@ver.com - Conductor	3		13	1
136	2024-09-24 14:57:04.044839-03	79	khai@ver.com - Conductor	3		13	1
137	2024-09-24 14:57:04.044839-03	77	khai@ver.com - Conductor	3		13	1
138	2024-09-24 14:57:04.04584-03	75	khai@ver.com - Conductor	3		13	1
139	2024-09-24 15:39:21.730855-03	92	khai@ver.com - Pasajero	3		13	1
140	2024-09-24 15:39:21.733865-03	93	khai@ver.com - Conductor	3		13	1
141	2024-09-24 15:39:21.734857-03	91	khai@ver.com - Conductor	3		13	1
142	2024-09-24 15:39:21.735865-03	89	khai@ver.com - Conductor	3		13	1
143	2024-09-24 15:39:21.736858-03	73	khai@ver.com - Conductor	3		13	1
144	2024-09-24 15:39:29.794079-03	90	khai@ver.com - Pasajero	3		13	1
145	2024-09-24 15:39:29.799065-03	88	khai@ver.com - Pasajero	3		13	1
146	2024-09-24 19:52:21.653263-03	3	khai@ver.com - Unsplash	1	[{"added": {}}]	9	1
147	2024-09-24 21:09:35.229881-03	3	Nissan	3		8	1
148	2024-09-24 21:28:30.575086-03	4	Nissan	3		8	1
149	2024-09-25 17:35:48.665438-03	5	Nissan	3		8	1
150	2024-09-25 17:35:48.66844-03	6	Nissan	3		8	1
151	2024-09-25 17:36:53.20946-03	7	Nissan	3		8	1
152	2024-09-25 17:39:15.420345-03	8	Nissan	3		8	1
153	2024-09-25 17:42:02.959465-03	9	Nissan	3		8	1
154	2024-09-25 17:48:36.939674-03	10	Nissan	3		8	1
155	2024-09-25 17:59:48.760165-03	11	Nissan	3		8	1
156	2024-09-25 18:15:52.445657-03	12	Nissan	3		8	1
157	2024-09-25 20:48:28.189883-03	1	khai@ver.com - Valdivia	1	[{"added": {}}]	30	1
158	2024-09-25 20:48:35.697392-03	2	alex@ver.com - Valdivia	1	[{"added": {}}]	30	1
159	2024-09-25 20:48:44.644215-03	3	grogu@ver.com - Valdivia	1	[{"added": {}}]	30	1
160	2024-09-25 20:48:58.14781-03	4	palpatine@ver.com - Lanco	1	[{"added": {}}]	30	1
161	2024-09-25 21:19:57.217143-03	28	anakin@ver.com	3		7	1
162	2024-09-25 21:45:43.284922-03	29	anakin@ver.com	3		7	1
163	2024-10-09 12:43:56.69707-03	1	Ruta 1	3		6	1
164	2024-10-09 12:43:56.703076-03	2	Ruta 1	3		6	1
165	2024-10-09 12:43:56.704064-03	3	Ruta 1	3		6	1
166	2024-10-09 12:43:56.705064-03	4	Ruta 1	3		6	1
167	2024-10-09 20:16:54.033765-03	2	khai@ver.com - Com_2	1	[{"added": {}}]	18	1
168	2024-10-09 20:57:39.109442-03	2	khai@ver.com - Com_2	3		18	1
169	2024-10-09 21:44:23.774271-03	5	Com_2	3		2	1
170	2024-10-09 21:44:23.77726-03	6	Com_3	3		2	1
171	2024-10-09 21:44:23.77826-03	7	Com_4	3		2	1
172	2024-10-09 21:48:41.013315-03	8	Comunidad Mafil	3		2	1
173	2024-10-11 16:38:43.388056-03	9	Comunidad Mafil	2	[{"changed": {"fields": ["Latitud", "Longitud"]}}]	2	1
174	2024-10-11 17:09:05.176205-03	9	Comunidad Mafil	3		2	1
175	2024-10-11 17:12:17.819916-03	11	Comunidad Mafil	2	[{"changed": {"fields": ["Latitud", "Longitud"]}}]	2	1
176	2024-10-18 18:45:09.549167-03	12	comunidad xd	3		2	1
177	2024-10-18 22:03:26.237469-03	5	Ruta 1	3		6	1
178	2024-10-18 22:03:26.24147-03	6	Ruta 2	3		6	1
179	2024-10-22 12:49:56.381932-03	1	1	2	[{"changed": {"fields": ["Es ruta"]}}]	32	1
180	2024-10-22 19:13:05.81198-03	10	Comunidad Las Animas	3		2	1
181	2024-10-23 17:48:45.827207-03	7	Ruta 3	3		6	1
182	2024-10-23 17:48:45.831738-03	8	Ruta 4	3		6	1
183	2024-10-23 19:51:48.650649-03	7	7	2	[{"changed": {"fields": ["Aceptada"]}}]	32	1
184	2024-10-23 19:52:05.749735-03	7	7	2	[{"changed": {"fields": ["Aceptada"]}}]	32	1
185	2024-10-24 11:11:30.879346-03	1	Comunidad Mafil - palpatine@ver.com	1	[{"added": {}}]	33	1
186	2024-10-24 11:12:12.829145-03	2	comunidad xd - grogu@ver.com	1	[{"added": {}}]	33	1
187	2024-10-24 15:28:59.116405-03	14	comunidad khai	3		2	1
188	2024-10-24 15:28:59.128934-03	15	comunidad khai	3		2	1
189	2024-10-24 15:28:59.129936-03	16	comunidad khai	3		2	1
190	2024-10-24 15:54:07.096018-03	1	Ruta 1 - alex@ver.com	1	[{"added": {}}]	34	1
191	2024-10-24 16:13:03.958659-03	5	Comunidad Mafil - khai@ver.com	3		33	1
192	2024-10-25 10:32:35.530451-03	1	Ruta 1 - False - None	1	[{"added": {}}]	12	1
193	2024-10-25 10:32:47.318475-03	2	Rutapalpatine - False - None	1	[{"added": {}}]	12	1
194	2024-10-25 12:44:03.086729-03	9	Ruta 1	3		6	1
195	2024-10-25 16:03:02.051757-03	3	RutaKhai - False - None	2	[{"changed": {"fields": ["Flag de inicio de la ruta", "Registro de la fecha del inicio real de al ruta"]}}]	12	1
196	2024-10-25 16:03:42.142256-03	3	RutaKhai - False - None	2	[{"changed": {"fields": ["Flag de inicio de la ruta", "Registro de la fecha del inicio real de al ruta"]}}]	12	1
197	2024-10-27 17:08:31.842302-03	4	comunidad khai - khai@ver.com	3		33	1
198	2024-10-27 17:08:51.006502-03	17	comunidad khai	3		2	1
199	2024-10-27 22:21:02.083791-03	23	palpatine@ver.com - khai@ver.com	3		35	1
200	2024-10-27 22:21:02.086076-03	30	palpatine@ver.com - khai@ver.com	3		35	1
201	2024-10-27 22:21:02.087626-03	31	palpatine@ver.com - khai@ver.com	3		35	1
202	2024-10-27 22:21:02.088658-03	32	palpatine@ver.com - khai@ver.com	3		35	1
203	2024-10-27 22:21:02.089699-03	33	palpatine@ver.com - khai@ver.com	3		35	1
204	2024-10-27 22:21:02.0907-03	34	palpatine@ver.com - khai@ver.com	3		35	1
205	2024-10-27 22:21:02.091701-03	35	palpatine@ver.com - khai@ver.com	3		35	1
206	2024-10-27 22:21:02.092701-03	36	palpatine@ver.com - khai@ver.com	3		35	1
207	2024-10-27 22:21:02.093701-03	37	palpatine@ver.com - khai@ver.com	3		35	1
208	2024-10-27 22:21:02.094701-03	38	palpatine@ver.com - khai@ver.com	3		35	1
209	2024-10-27 22:21:02.095701-03	39	palpatine@ver.com - khai@ver.com	3		35	1
210	2024-10-27 22:21:02.096701-03	40	palpatine@ver.com - khai@ver.com	3		35	1
211	2024-10-27 22:21:02.097702-03	41	palpatine@ver.com - khai@ver.com	3		35	1
212	2024-10-27 22:21:02.098703-03	42	palpatine@ver.com - khai@ver.com	3		35	1
213	2024-10-27 22:21:02.099714-03	9	palpatine@ver.com - khai@ver.com	3		35	1
214	2024-10-27 22:21:02.10071-03	5	palpatine@ver.com - khai@ver.com	3		35	1
215	2024-10-27 22:21:02.101702-03	6	palpatine@ver.com - khai@ver.com	3		35	1
216	2024-10-27 22:21:02.102703-03	7	palpatine@ver.com - khai@ver.com	3		35	1
217	2024-10-27 22:21:02.103703-03	8	palpatine@ver.com - khai@ver.com	3		35	1
218	2024-10-27 22:21:02.104704-03	24	palpatine@ver.com - khai@ver.com	3		35	1
219	2024-10-27 22:21:02.105704-03	26	palpatine@ver.com - khai@ver.com	3		35	1
220	2024-10-27 22:21:02.106712-03	25	palpatine@ver.com - khai@ver.com	3		35	1
221	2024-10-27 22:21:02.107704-03	27	palpatine@ver.com - khai@ver.com	3		35	1
222	2024-10-27 22:21:02.109705-03	28	palpatine@ver.com - khai@ver.com	3		35	1
223	2024-10-27 22:21:02.110706-03	29	palpatine@ver.com - khai@ver.com	3		35	1
224	2024-10-27 22:21:02.111706-03	10	palpatine@ver.com - khai@ver.com	3		35	1
225	2024-10-27 22:21:02.112705-03	11	palpatine@ver.com - khai@ver.com	3		35	1
226	2024-10-27 22:21:02.113863-03	12	palpatine@ver.com - khai@ver.com	3		35	1
227	2024-10-27 22:21:02.114866-03	13	palpatine@ver.com - khai@ver.com	3		35	1
228	2024-10-27 22:21:02.115866-03	14	palpatine@ver.com - khai@ver.com	3		35	1
229	2024-10-27 22:21:02.116552-03	15	palpatine@ver.com - khai@ver.com	3		35	1
230	2024-10-27 22:21:02.117378-03	16	palpatine@ver.com - khai@ver.com	3		35	1
231	2024-10-27 22:21:02.118381-03	17	palpatine@ver.com - khai@ver.com	3		35	1
232	2024-10-27 22:21:02.118381-03	18	palpatine@ver.com - khai@ver.com	3		35	1
233	2024-10-27 22:21:02.119381-03	19	palpatine@ver.com - khai@ver.com	3		35	1
234	2024-10-27 22:21:02.12038-03	20	palpatine@ver.com - khai@ver.com	3		35	1
235	2024-10-27 22:21:02.121381-03	21	palpatine@ver.com - khai@ver.com	3		35	1
236	2024-10-27 22:21:02.122381-03	22	palpatine@ver.com - khai@ver.com	3		35	1
237	2024-10-27 22:41:53.200336-03	85	palpatine@ver.com - khai@ver.com	3		35	1
238	2024-10-27 22:41:53.203338-03	86	palpatine@ver.com - khai@ver.com	3		35	1
239	2024-10-27 22:41:53.20434-03	87	palpatine@ver.com - khai@ver.com	3		35	1
240	2024-10-27 22:41:53.205776-03	88	palpatine@ver.com - khai@ver.com	3		35	1
241	2024-10-27 22:41:53.206778-03	89	palpatine@ver.com - khai@ver.com	3		35	1
242	2024-10-27 22:41:53.207779-03	90	palpatine@ver.com - khai@ver.com	3		35	1
243	2024-10-27 22:41:53.208779-03	91	palpatine@ver.com - khai@ver.com	3		35	1
244	2024-10-27 22:41:53.209779-03	93	palpatine@ver.com - khai@ver.com	3		35	1
245	2024-10-27 22:41:53.21078-03	92	palpatine@ver.com - khai@ver.com	3		35	1
246	2024-10-27 22:41:53.211779-03	94	palpatine@ver.com - khai@ver.com	3		35	1
247	2024-10-27 22:41:53.21378-03	95	palpatine@ver.com - khai@ver.com	3		35	1
248	2024-10-27 22:41:53.214785-03	53	palpatine@ver.com - khai@ver.com	3		35	1
249	2024-10-27 22:41:53.215788-03	54	palpatine@ver.com - khai@ver.com	3		35	1
250	2024-10-27 22:41:53.216788-03	55	palpatine@ver.com - khai@ver.com	3		35	1
251	2024-10-27 22:41:53.217577-03	56	palpatine@ver.com - khai@ver.com	3		35	1
252	2024-10-27 22:41:53.217577-03	57	palpatine@ver.com - khai@ver.com	3		35	1
253	2024-10-27 22:41:53.218586-03	58	palpatine@ver.com - khai@ver.com	3		35	1
254	2024-10-27 22:41:53.219578-03	59	palpatine@ver.com - khai@ver.com	3		35	1
255	2024-10-27 22:41:53.220588-03	60	palpatine@ver.com - khai@ver.com	3		35	1
256	2024-10-27 22:41:53.222588-03	61	palpatine@ver.com - khai@ver.com	3		35	1
257	2024-10-27 22:41:53.222588-03	62	palpatine@ver.com - khai@ver.com	3		35	1
258	2024-10-27 22:41:53.223588-03	63	palpatine@ver.com - khai@ver.com	3		35	1
259	2024-10-27 22:41:53.225589-03	64	palpatine@ver.com - khai@ver.com	3		35	1
260	2024-10-27 22:41:53.226581-03	65	palpatine@ver.com - khai@ver.com	3		35	1
261	2024-10-27 22:41:53.227581-03	43	palpatine@ver.com - khai@ver.com	3		35	1
262	2024-10-27 22:41:53.228581-03	44	palpatine@ver.com - khai@ver.com	3		35	1
263	2024-10-27 22:41:53.229581-03	45	palpatine@ver.com - khai@ver.com	3		35	1
264	2024-10-27 22:41:53.230581-03	46	palpatine@ver.com - khai@ver.com	3		35	1
265	2024-10-27 22:41:53.23158-03	48	palpatine@ver.com - khai@ver.com	3		35	1
266	2024-10-27 22:41:53.232583-03	47	palpatine@ver.com - khai@ver.com	3		35	1
267	2024-10-27 22:41:53.233524-03	49	palpatine@ver.com - khai@ver.com	3		35	1
268	2024-10-27 22:41:53.234526-03	50	palpatine@ver.com - khai@ver.com	3		35	1
269	2024-10-27 22:41:53.235525-03	51	palpatine@ver.com - khai@ver.com	3		35	1
270	2024-10-27 22:41:53.236723-03	52	palpatine@ver.com - khai@ver.com	3		35	1
271	2024-10-27 22:41:53.237631-03	66	palpatine@ver.com - khai@ver.com	3		35	1
272	2024-10-27 22:41:53.238504-03	67	palpatine@ver.com - khai@ver.com	3		35	1
273	2024-10-27 22:41:53.239507-03	68	palpatine@ver.com - khai@ver.com	3		35	1
274	2024-10-27 22:41:53.240507-03	69	palpatine@ver.com - khai@ver.com	3		35	1
275	2024-10-27 22:41:53.241506-03	70	palpatine@ver.com - khai@ver.com	3		35	1
276	2024-10-27 22:41:53.242474-03	71	palpatine@ver.com - khai@ver.com	3		35	1
277	2024-10-27 22:41:53.243382-03	72	palpatine@ver.com - khai@ver.com	3		35	1
278	2024-10-27 22:41:53.244384-03	73	palpatine@ver.com - khai@ver.com	3		35	1
279	2024-10-27 22:41:53.245384-03	74	palpatine@ver.com - khai@ver.com	3		35	1
280	2024-10-27 22:41:53.246385-03	75	palpatine@ver.com - khai@ver.com	3		35	1
281	2024-10-27 22:41:53.246385-03	76	palpatine@ver.com - khai@ver.com	3		35	1
282	2024-10-27 22:41:53.247385-03	77	palpatine@ver.com - khai@ver.com	3		35	1
283	2024-10-27 22:41:53.248749-03	78	palpatine@ver.com - khai@ver.com	3		35	1
284	2024-10-27 22:41:53.249614-03	79	palpatine@ver.com - khai@ver.com	3		35	1
285	2024-10-27 22:41:53.250617-03	80	palpatine@ver.com - khai@ver.com	3		35	1
286	2024-10-27 22:41:53.251617-03	81	palpatine@ver.com - khai@ver.com	3		35	1
287	2024-10-27 22:41:53.252617-03	82	palpatine@ver.com - khai@ver.com	3		35	1
288	2024-10-27 22:41:53.253188-03	83	palpatine@ver.com - khai@ver.com	3		35	1
289	2024-10-27 22:41:53.254067-03	84	palpatine@ver.com - khai@ver.com	3		35	1
290	2024-10-27 23:16:56.669705-03	100	palpatine@ver.com - khai@ver.com	3		35	1
291	2024-10-27 23:16:56.673692-03	101	palpatine@ver.com - khai@ver.com	3		35	1
292	2024-10-27 23:16:56.674697-03	102	palpatine@ver.com - khai@ver.com	3		35	1
293	2024-10-27 23:16:56.6767-03	103	palpatine@ver.com - khai@ver.com	3		35	1
294	2024-10-27 23:16:56.677697-03	104	palpatine@ver.com - khai@ver.com	3		35	1
295	2024-10-27 23:16:56.678694-03	105	palpatine@ver.com - khai@ver.com	3		35	1
296	2024-10-27 23:16:56.680694-03	106	palpatine@ver.com - khai@ver.com	3		35	1
297	2024-10-27 23:16:56.681694-03	107	palpatine@ver.com - khai@ver.com	3		35	1
298	2024-10-27 23:16:56.683698-03	96	palpatine@ver.com - khai@ver.com	3		35	1
299	2024-10-27 23:16:56.684695-03	97	palpatine@ver.com - khai@ver.com	3		35	1
300	2024-10-27 23:16:56.685697-03	98	palpatine@ver.com - khai@ver.com	3		35	1
301	2024-10-27 23:16:56.686696-03	99	palpatine@ver.com - khai@ver.com	3		35	1
302	2024-10-27 23:16:56.687697-03	109	palpatine@ver.com - khai@ver.com	3		35	1
303	2024-10-27 23:16:56.688696-03	108	palpatine@ver.com - khai@ver.com	3		35	1
304	2024-10-27 23:16:56.690698-03	111	palpatine@ver.com - khai@ver.com	3		35	1
305	2024-10-27 23:16:56.691698-03	110	palpatine@ver.com - khai@ver.com	3		35	1
306	2024-10-28 21:09:17.226568-03	10	Rutapalpatine	3		6	1
307	2024-10-28 21:09:17.239197-03	11	RutaKhai	3		6	1
308	2024-10-28 21:09:17.240185-03	12	Ruta 1	3		6	1
309	2024-10-28 21:09:17.241191-03	13	ruta hola	3		6	1
310	2024-10-28 21:10:19.819078-03	11	Comunidad Mafil	3		2	1
311	2024-10-28 21:10:19.822092-03	13	comunidad xd	3		2	1
312	2024-10-28 21:59:22.784368-03	4	palpatine@ver.com - vatito3@gmail.com	3		31	1
313	2024-10-28 22:02:57.683005-03	5	palpatine@ver.com - vatito3@gmail.com	3		31	1
314	2024-10-29 15:57:26.550532-03	6	palpatine@ver.com - vatito3@gmail.com	3		31	1
315	2024-10-30 10:10:54.840997-03	11	rutaTimeEstasi - False - None	2	[{"changed": {"fields": ["Flag de inicio de la ruta", "Registro de la fecha del inicio real de al ruta"]}}]	12	1
316	2024-10-30 10:51:45.350793-03	11	rutaTimeEstasi - False - None	2	[{"changed": {"fields": ["Flag de inicio de la ruta", "Registro de la fecha del inicio real de al ruta"]}}]	12	1
317	2024-10-30 14:26:20.999963-03	11	rutaTimeEstasi - False - None	2	[{"changed": {"fields": ["Flag de inicio de la ruta", "Registro de la fecha del inicio real de al ruta"]}}]	12	1
318	2024-10-30 14:40:44.101085-03	11	rutaTimeEstasi - False - None	2	[{"changed": {"fields": ["Flag de inicio de la ruta", "Registro de la fecha del inicio real de al ruta"]}}]	12	1
319	2024-10-30 14:44:02.171654-03	11	rutaTimeEstasi - False - None	2	[{"changed": {"fields": ["Flag de inicio de la ruta", "Registro de la fecha del inicio real de al ruta"]}}]	12	1
320	2024-10-30 14:55:40.50493-03	11	rutaTimeEstasi - False - None	2	[{"changed": {"fields": ["Flag de inicio de la ruta", "Registro de la fecha del inicio real de al ruta"]}}]	12	1
321	2024-10-30 15:04:54.430333-03	11	rutaTimeEstasi - False - None	2	[{"changed": {"fields": ["Flag de inicio de la ruta", "Registro de la fecha del inicio real de al ruta"]}}]	12	1
322	2024-10-30 15:42:28.675747-03	8	RutaSnack - False - None	3		12	1
323	2024-10-30 15:42:28.679747-03	9	RutaRedirect - False - None	3		12	1
324	2024-10-30 15:42:28.680742-03	10	rutaTime - False - None	3		12	1
325	2024-10-30 15:42:28.681733-03	11	rutaTimeEstasi - False - None	3		12	1
326	2024-10-30 19:03:25.671319-03	2	palpatine@ver.com - iav@iaguayopropiedades.cl	3		31	1
327	2024-11-04 14:32:41.092566-03	9	ComuSnack - khai@ver.com	3		33	1
328	2024-11-04 16:09:54.11449-03	19	Comunidad Las Animas	3		2	1
329	2024-11-15 16:23:44.483817-03	16	Nissan	3		8	1
330	2024-11-20 12:44:15.690382-03	24	khai@ver.com	3		7	1
331	2024-11-20 12:44:15.706984-03	25	alex@ver.com	3		7	1
332	2024-11-20 12:44:15.708109-03	26	grogu@ver.com	3		7	1
333	2024-11-20 12:44:15.70912-03	27	palpatine@ver.com	3		7	1
334	2024-11-20 12:44:15.70912-03	30	anakin@ver.com	3		7	1
335	2024-11-20 12:44:15.71012-03	31	juanp@ver.com	3		7	1
336	2024-11-20 12:45:13.016425-03	2	Bugatti	3		8	1
337	2024-11-20 12:45:13.019433-03	13	Nissan	3		8	1
338	2024-11-20 12:45:13.019433-03	14	Lamborghini	3		8	1
339	2024-11-20 12:45:13.020433-03	15	hyundai	3		8	1
340	2024-11-20 12:45:26.385328-03	18	ComuSnack	3		2	1
341	2024-11-20 12:45:26.388047-03	20	Comunidad Las Animas	3		2	1
342	2024-11-20 12:45:26.389047-03	21	comunidad1	3		2	1
343	2024-11-20 17:13:04.710772-03	17	Nissan	3		8	1
344	2024-11-20 17:19:30.531412-03	18	Nissan	3		8	1
345	2024-11-24 20:21:13.481166-03	32	usuario1@ver.com	3		7	1
346	2024-11-24 20:21:13.499271-03	33	usuario2@ver.com	3		7	1
347	2024-11-24 20:21:13.501285-03	34	usuario3@ver.com	3		7	1
348	2024-11-24 20:21:13.502278-03	35	usuario4@ver.com	3		7	1
349	2024-11-24 20:21:13.502278-03	36	usuario5@ver.com	3		7	1
350	2024-11-24 20:21:13.503277-03	37	usuario6@ver.com	3		7	1
351	2024-11-24 20:21:13.504279-03	38	usuario7@ver.com	3		7	1
352	2024-11-24 20:21:13.504279-03	39	usuario8@ver.com	3		7	1
353	2024-11-24 20:21:13.505292-03	40	conductort@ver.com	3		7	1
354	2024-11-24 20:21:22.934232-03	19	Nissan	3		8	1
355	2024-11-24 20:21:22.936588-03	20	Suzuki	3		8	1
356	2024-11-24 20:21:22.93759-03	21	daihatsu	3		8	1
357	2024-11-24 20:21:52.158485-03	22	Comunidad 1	3		2	1
358	2024-11-24 20:21:52.16152-03	23	Los Potoloco	3		2	1
359	2024-11-24 20:21:52.162989-03	24	Comunidad 2	3		2	1
360	2024-11-24 20:21:52.163744-03	25	Comunidad Valdivia - Máfil	3		2	1
361	2024-11-24 20:21:52.165172-03	26	Comunidad el bosque	3		2	1
362	2024-11-24 20:21:52.166182-03	27	maria jose	3		2	1
363	2024-11-24 20:21:52.166182-03	28	comunidad bebe roman	3		2	1
364	2024-11-24 20:21:52.16736-03	29	viaje amigo	3		2	1
365	2024-11-24 20:21:52.168018-03	30	Los Madrugadores	3		2	1
366	2024-11-24 20:32:30.153708-03	41	juanperez@ver.com	2	[{"changed": {"fields": ["Correo electronico"]}}]	7	1
\.


--
-- Data for Name: django_content_type; Type: TABLE DATA; Schema: public; Owner: postgres
--

COPY public.django_content_type (id, app_label, model) FROM stdin;
1	DatabaseManager	calificaciones
2	DatabaseManager	comunidades
3	DatabaseManager	dias
4	DatabaseManager	recepcionpasajeros
5	DatabaseManager	roles
6	DatabaseManager	rutas
7	DatabaseManager	usuario
8	DatabaseManager	vehiculos
9	DatabaseManager	vehiculousuario
10	DatabaseManager	trayectoriareal
11	DatabaseManager	trayectoria
12	DatabaseManager	rutasejecutadas
13	DatabaseManager	rolusuario
14	DatabaseManager	recepecionreal
15	DatabaseManager	ordentrayectoriareal
16	DatabaseManager	ordentrayectoria
17	DatabaseManager	diasrutas
18	DatabaseManager	comunidadesusuario
19	DatabaseManager	chat
20	DatabaseManager	categoriascalificacion
21	admin	logentry
22	auth	permission
23	auth	group
24	contenttypes	contenttype
25	sessions	session
26	DatabaseManager	comuna
27	DatabaseManager	region
28	DatabaseManager	comunacomunidad
29	DatabaseManager	comunaregion
30	DatabaseManager	comunausuario
31	DatabaseManager	contactosemergencia
32	DatabaseManager	notificaciones
33	DatabaseManager	miembroscomunidad
34	DatabaseManager	miembrosruta
35	DatabaseManager	ubicacion
36	DatabaseManager	denuncias
\.


--
-- Data for Name: django_migrations; Type: TABLE DATA; Schema: public; Owner: postgres
--

COPY public.django_migrations (id, app, name, applied) FROM stdin;
1	contenttypes	0001_initial	2024-04-18 21:28:06.81227-04
2	contenttypes	0002_remove_content_type_name	2024-04-18 21:28:06.819264-04
3	auth	0001_initial	2024-04-18 21:28:06.857664-04
4	auth	0002_alter_permission_name_max_length	2024-04-18 21:28:06.862665-04
5	auth	0003_alter_user_email_max_length	2024-04-18 21:28:06.866665-04
6	auth	0004_alter_user_username_opts	2024-04-18 21:28:06.869666-04
7	auth	0005_alter_user_last_login_null	2024-04-18 21:28:06.873668-04
8	auth	0006_require_contenttypes_0002	2024-04-18 21:28:06.875537-04
9	auth	0007_alter_validators_add_error_messages	2024-04-18 21:28:06.878427-04
10	auth	0008_alter_user_username_max_length	2024-04-18 21:28:06.883422-04
11	auth	0009_alter_user_last_name_max_length	2024-04-18 21:28:06.887423-04
12	auth	0010_alter_group_name_max_length	2024-04-18 21:28:06.893064-04
13	auth	0011_update_proxy_permissions	2024-04-18 21:28:06.897066-04
14	auth	0012_alter_user_first_name_max_length	2024-04-18 21:28:06.901065-04
15	DatabaseManager	0001_initial	2024-04-18 21:28:07.153256-04
16	DatabaseManager	0002_rename_id_calificador_categoriascalificacion_id_calificacion	2024-04-18 21:28:07.173284-04
17	DatabaseManager	0003_remove_usuario_clave_usuario_groups_and_more	2024-04-18 21:28:07.277538-04
18	DatabaseManager	0004_alter_usuario_apellido_usuario_and_more	2024-04-18 21:28:07.361579-04
19	admin	0001_initial	2024-04-18 21:28:07.385813-04
20	admin	0002_logentry_remove_auto_add	2024-04-18 21:28:07.395832-04
21	admin	0003_logentry_add_action_flag_choices	2024-04-18 21:28:07.404838-04
22	sessions	0001_initial	2024-04-18 21:28:07.416081-04
23	DatabaseManager	0005_usuario_imagen_perfil	2024-06-12 18:14:17.157493-04
24	DatabaseManager	0006_vehiculos_imagen_perfil	2024-06-12 18:16:20.871824-04
25	DatabaseManager	0007_comuna_region_remove_comunidades_comuna_and_more	2024-08-19 22:21:04.274964-04
26	DatabaseManager	0008_alter_comuna_options_alter_comunacomunidad_options_and_more	2024-09-22 17:35:29.940533-03
27	DatabaseManager	0009_comuna_latitud_comuna_longitud_comunausuario	2024-09-25 18:53:43.32216-03
28	DatabaseManager	0010_delete_chat	2024-10-09 22:04:00.085474-03
29	DatabaseManager	0011_comunidades_latitud_comunidades_longitud	2024-10-11 16:33:10.002247-03
30	DatabaseManager	0012_alter_rutasejecutadas_flag_inicio	2024-10-21 11:50:20.195958-03
31	DatabaseManager	0013_contactosemergencia	2024-10-21 15:10:39.285545-03
32	DatabaseManager	0014_notificaciones	2024-10-22 11:51:25.728288-03
33	DatabaseManager	0015_notificaciones_es_comunidad_notificaciones_es_ruta	2024-10-22 12:49:34.122073-03
34	DatabaseManager	0016_notificaciones_id_comunidad_and_more	2024-10-22 15:05:40.766446-03
35	DatabaseManager	0017_remove_notificaciones_id_usuario_and_more	2024-10-23 11:18:42.172722-03
36	DatabaseManager	0018_alter_notificaciones_id_solicitante	2024-10-23 11:18:42.195945-03
37	DatabaseManager	0019_alter_notificaciones_id_solicitante	2024-10-23 11:18:42.210964-03
38	DatabaseManager	0020_alter_notificaciones_id_solicitante	2024-10-23 11:18:42.257975-03
39	DatabaseManager	0021_alter_notificaciones_id_propietario	2024-10-23 11:18:42.277981-03
40	DatabaseManager	0022_alter_notificaciones_id_propietario_and_more	2024-10-23 11:18:42.320969-03
41	DatabaseManager	0023_rutas_cupos	2024-10-23 17:57:03.58548-03
42	DatabaseManager	0024_rename_leido_notificaciones_aceptada	2024-10-23 19:17:22.337623-03
43	DatabaseManager	0025_miembroscomunidad	2024-10-24 11:07:36.658666-03
44	DatabaseManager	0026_miembrosruta	2024-10-24 15:53:11.421647-03
45	DatabaseManager	0027_alter_rutasejecutadas_inicio_real	2024-10-25 10:28:45.438542-03
46	DatabaseManager	0028_ubicacion	2024-10-27 21:14:06.232697-03
47	DatabaseManager	0029_remove_rutasejecutadas_flag_inicio	2024-10-30 15:44:21.165295-03
48	DatabaseManager	0030_alter_rutasejecutadas_inicio_real	2024-10-30 15:54:45.755736-03
49	DatabaseManager	0031_remove_recepcionpasajeros_id_pasajero_and_more	2024-11-05 14:50:48.36894-03
50	DatabaseManager	0032_remove_comuna_latitud_remove_comuna_longitud	2024-11-05 22:04:32.782391-03
51	DatabaseManager	0033_denuncias	2024-11-10 19:34:24.052433-03
52	DatabaseManager	0034_denuncias_info_denuncia	2024-11-10 21:22:57.106429-03
53	DatabaseManager	0035_recepcionpasajeros_recepecionreal_trayectoriareal_and_more	2024-11-23 14:24:23.425367-03
54	DatabaseManager	0036_remove_recepcionpasajeros_id_pasajero_and_more	2024-11-23 15:03:27.303006-03
\.


--
-- Data for Name: django_session; Type: TABLE DATA; Schema: public; Owner: postgres
--

COPY public.django_session (session_key, session_data, expire_date) FROM stdin;
ny9qt0oimexo2kcktn82fk117qbwii6j	.eJxVjEEOwiAQRe_C2hAoBhiX7j0DmRkGqRqalHZlvLtt0oVu_3vvv1XCdalp7TKnMauLsur0uxHyU9oO8gPbfdI8tWUeSe-KPmjXtynL63q4fwcVe91qAYrFiXdIbMRGL6UMADycc7bsqGTjwNvgTbQB2JiNEfvoQCIGRPX5Av0POEY:1rxd4l:JQTd3lWI1r_R8qj6EAtMH4JFsdbgkHgiP4nf7nwWSGk	2024-05-02 21:30:03.343353-04
m20chmq9ez0al1gi36auanh0spqq3mog	.eJxVjEEOwiAQRe_C2hAoBhiX7j0DmRkGqRqalHZlvLtt0oVu_3vvv1XCdalp7TKnMauLsur0uxHyU9oO8gPbfdI8tWUeSe-KPmjXtynL63q4fwcVe91qAYrFiXdIbMRGL6UMADycc7bsqGTjwNvgTbQB2JiNEfvoQCIGRPX5Av0POEY:1s4842:uIninrfJ3GviR_bzBf6-OHYl0eLLPm2_FvpDHn7E3vY	2024-05-20 19:48:10.660814-04
m4stkk69wlg1a864mqvkepo2bp63pr05	.eJxVjEEOwiAQRe_C2hAoBhiX7j0DmRkGqRqalHZlvLtt0oVu_3vvv1XCdalp7TKnMauLsur0uxHyU9oO8gPbfdI8tWUeSe-KPmjXtynL63q4fwcVe91qAYrFiXdIbMRGL6UMADycc7bsqGTjwNvgTbQB2JiNEfvoQCIGRPX5Av0POEY:1sF3AO:GC3K-fNfD082dvU8oS4unBBdyRcS7jjHINN7v_T0W9M	2024-06-19 22:47:52.161108-04
l78z3xfd3q1j1hg947jtlmkc6pbkk5jm	.eJxVjEEOwiAQRe_C2hAoBhiX7j0DmRkGqRqalHZlvLtt0oVu_3vvv1XCdalp7TKnMauLsur0uxHyU9oO8gPbfdI8tWUeSe-KPmjXtynL63q4fwcVe91qAYrFiXdIbMRGL6UMADycc7bsqGTjwNvgTbQB2JiNEfvoQCIGRPX5Av0POEY:1sWlfs:aaIbniRMdzYP-1d1Dq9-g9kEkQ1L3v_7hD4KgMltHes	2024-08-07 19:45:36.272406-04
7btmfavyrsqv9020wotqv79e2h0qdv9i	.eJxVjEEOwiAQRe_C2hAoBhiX7j0DmRkGqRqalHZlvLtt0oVu_3vvv1XCdalp7TKnMauLsur0uxHyU9oO8gPbfdI8tWUeSe-KPmjXtynL63q4fwcVe91qAYrFiXdIbMRGL6UMADycc7bsqGTjwNvgTbQB2JiNEfvoQCIGRPX5Av0POEY:1scYFK:XCpszT0EsBCkXyzJNdtNxYtU9jNStYTl97V1gmNLNbQ	2024-08-23 18:38:06.332995-04
xbq3i7vomur89w4imfnevt2ktizi4u7h	.eJxVjEEOwiAQRe_C2hAoBhiX7j0DmRkGqRqalHZlvLtt0oVu_3vvv1XCdalp7TKnMauLsur0uxHyU9oO8gPbfdI8tWUeSe-KPmjXtynL63q4fwcVe91qAYrFiXdIbMRGL6UMADycc7bsqGTjwNvgTbQB2JiNEfvoQCIGRPX5Av0POEY:1se0kI:MzyLQZ1n5y4b1XgwQYKNYniNazsJWwdvZY5A2gJKGgY	2024-08-27 19:16:06.207205-04
cb0t7uqrp8hu1g7n5c1ujixa9sqzhqzo	.eJxVjEEOwiAQRe_C2hAoBhiX7j0DmRkGqRqalHZlvLtt0oVu_3vvv1XCdalp7TKnMauLsur0uxHyU9oO8gPbfdI8tWUeSe-KPmjXtynL63q4fwcVe91qAYrFiXdIbMRGL6UMADycc7bsqGTjwNvgTbQB2JiNEfvoQCIGRPX5Av0POEY:1sgNwU:lU3N-dvNeA0SmcRCPwwmrSkZ7UcV_NzHw4hZ7ttflDw	2024-09-03 08:26:30.460082-04
cfbrb2bm0yf5jcpey4vyt99bp0oa53fd	.eJxVjEEOwiAQRe_C2hAoBhiX7j0DmRkGqRqalHZlvLtt0oVu_3vvv1XCdalp7TKnMauLsur0uxHyU9oO8gPbfdI8tWUeSe-KPmjXtynL63q4fwcVe91qAYrFiXdIbMRGL6UMADycc7bsqGTjwNvgTbQB2JiNEfvoQCIGRPX5Av0POEY:1sjRLG:uNJNWUrY0xzzt5YA4Aus8JQDd6DzcZSu1lHOtL7xYEY	2024-09-11 19:40:42.932973-03
g1o5hbf4hd9tq0sb6hbj5nw055elzzy6	.eJxVjEEOwiAQRe_C2hAoBhiX7j0DmRkGqRqalHZlvLtt0oVu_3vvv1XCdalp7TKnMauLsur0uxHyU9oO8gPbfdI8tWUeSe-KPmjXtynL63q4fwcVe91qAYrFiXdIbMRGL6UMADycc7bsqGTjwNvgTbQB2JiNEfvoQCIGRPX5Av0POEY:1skWjZ:ElDVvsMULuPG5UnkOv43DGSug_Wh8y7f6Vcxcj6CEy8	2024-09-14 19:38:17.030591-03
frpyqu2vgy6fdevremwz86zsaoj7o67o	.eJxVjEEOwiAQRe_C2hAoBhiX7j0DmRkGqRqalHZlvLtt0oVu_3vvv1XCdalp7TKnMauLsur0uxHyU9oO8gPbfdI8tWUeSe-KPmjXtynL63q4fwcVe91qAYrFiXdIbMRGL6UMADycc7bsqGTjwNvgTbQB2JiNEfvoQCIGRPX5Av0POEY:1snmF5:bo0Wv1j1ZTc6xCuwpJhg2xj4zZGJl1Lb5lClEAZms7U	2024-09-23 18:48:15.982367-03
ci035r33r31nvgcp5zxh4x6zsxjkegqk	.eJxVjEEOwiAQRe_C2hAoBhiX7j0DmRkGqRqalHZlvLtt0oVu_3vvv1XCdalp7TKnMauLsur0uxHyU9oO8gPbfdI8tWUeSe-KPmjXtynL63q4fwcVe91qAYrFiXdIbMRGL6UMADycc7bsqGTjwNvgTbQB2JiNEfvoQCIGRPX5Av0POEY:1ssT3P:1B__5EVzP7xO6KzNlLRNUszpdG4RClHuTU5zEqIcN34	2024-10-06 17:19:35.245944-03
hfxjlqg7k6z50zw52qh3xctezx9ssoo7	.eJxVjEEOwiAQRe_C2hAoBhiX7j0DmRkGqRqalHZlvLtt0oVu_3vvv1XCdalp7TKnMauLsur0uxHyU9oO8gPbfdI8tWUeSe-KPmjXtynL63q4fwcVe91qAYrFiXdIbMRGL6UMADycc7bsqGTjwNvgTbQB2JiNEfvoQCIGRPX5Av0POEY:1ssWSk:JfjJq7Rfd0h8MYu1SbFQ-0rn0_JmmR2HNmfGju0TiaE	2024-10-06 20:57:58.988888-03
biiblqrg59959kb3x65530kj5e3f8f0g	.eJxVjEEOwiAQRe_C2hAoBhiX7j0DmRkGqRqalHZlvLtt0oVu_3vvv1XCdalp7TKnMauLsur0uxHyU9oO8gPbfdI8tWUeSe-KPmjXtynL63q4fwcVe91qAYrFiXdIbMRGL6UMADycc7bsqGTjwNvgTbQB2JiNEfvoQCIGRPX5Av0POEY:1st9ln:mJvZA3Kjd3pFNwdZqbB5CVF_IcneaHIfXUKscM9GFjE	2024-10-08 14:56:15.836647-03
8fkw26pwjmo0jxd70jqgbmikca31csx5	.eJxVjEEOwiAQRe_C2hAoBhiX7j0DmRkGqRqalHZlvLtt0oVu_3vvv1XCdalp7TKnMauLsur0uxHyU9oO8gPbfdI8tWUeSe-KPmjXtynL63q4fwcVe91qAYrFiXdIbMRGL6UMADycc7bsqGTjwNvgTbQB2JiNEfvoQCIGRPX5Av0POEY:1svP8F:23AzH3m4YYKaRG-4rlbOl7wrgUL70ZyqsxSESl15Hfs	2024-10-14 19:44:43.875997-03
ocu2ah5fqc0lfeb8a67a4lm4niq6t3ao	.eJxVjEEOwiAQRe_C2hAoBhiX7j0DmRkGqRqalHZlvLtt0oVu_3vvv1XCdalp7TKnMauLsur0uxHyU9oO8gPbfdI8tWUeSe-KPmjXtynL63q4fwcVe91qAYrFiXdIbMRGL6UMADycc7bsqGTjwNvgTbQB2JiNEfvoQCIGRPX5Av0POEY:1syIuM:8FBxRHuPI7Lk4dWIQOPuQ2J5JIO7Z70R5j6ExaLfJF8	2024-10-22 19:42:22.598567-03
dfcowg8b0ys21eb4c0cd5t0wckjc9brq	.eJxVjEEOwiAQRe_C2hAoBhiX7j0DmRkGqRqalHZlvLtt0oVu_3vvv1XCdalp7TKnMauLsur0uxHyU9oO8gPbfdI8tWUeSe-KPmjXtynL63q4fwcVe91qAYrFiXdIbMRGL6UMADycc7bsqGTjwNvgTbQB2JiNEfvoQCIGRPX5Av0POEY:1t3bHk:xda9w-4IdUptxbMxfnPsUzIAzLJFmAcHQ_82s9CcUTE	2024-11-06 10:20:24.222393-03
f1yge0pfu5ro09mptck7zsr8vmg8yr5g	.eJxVjEEOwiAQRe_C2hAoBhiX7j0DmRkGqRqalHZlvLtt0oVu_3vvv1XCdalp7TKnMauLsur0uxHyU9oO8gPbfdI8tWUeSe-KPmjXtynL63q4fwcVe91qAYrFiXdIbMRGL6UMADycc7bsqGTjwNvgTbQB2JiNEfvoQCIGRPX5Av0POEY:1t8l1p:FaqnnaicHk6vgzTKhn1R_LIhkgg6V0-TD6K_XgDDZYA	2024-11-20 15:45:17.14117-03
rb40p2fdxuob118pfg70b8rhwxnk4zl6	.eJxVjEEOwiAQRe_C2hAoBhiX7j0DmRkGqRqalHZlvLtt0oVu_3vvv1XCdalp7TKnMauLsur0uxHyU9oO8gPbfdI8tWUeSe-KPmjXtynL63q4fwcVe91qAYrFiXdIbMRGL6UMADycc7bsqGTjwNvgTbQB2JiNEfvoQCIGRPX5Av0POEY:1tDqyl:YjpWdTIbYeG5YXZdHVGsLk6kmugw2ryLsm0efq4X2bU	2024-12-04 17:07:11.405032-03
\.


--
-- Data for Name: spatial_ref_sys; Type: TABLE DATA; Schema: public; Owner: postgres
--

COPY public.spatial_ref_sys (srid, auth_name, auth_srid, srtext, proj4text) FROM stdin;
\.


--
-- Name: DatabaseManager_calificaciones_id_calificacion_seq; Type: SEQUENCE SET; Schema: public; Owner: postgres
--

SELECT pg_catalog.setval('public."DatabaseManager_calificaciones_id_calificacion_seq"', 1, false);


--
-- Name: DatabaseManager_categoriascalificacion_id_seq; Type: SEQUENCE SET; Schema: public; Owner: postgres
--

SELECT pg_catalog.setval('public."DatabaseManager_categoriascalificacion_id_seq"', 1, false);


--
-- Name: DatabaseManager_comuna_id_comuna_seq; Type: SEQUENCE SET; Schema: public; Owner: postgres
--

SELECT pg_catalog.setval('public."DatabaseManager_comuna_id_comuna_seq"', 12, true);


--
-- Name: DatabaseManager_comunacomunidad_id_seq; Type: SEQUENCE SET; Schema: public; Owner: postgres
--

SELECT pg_catalog.setval('public."DatabaseManager_comunacomunidad_id_seq"', 28, true);


--
-- Name: DatabaseManager_comunaregion_id_seq; Type: SEQUENCE SET; Schema: public; Owner: postgres
--

SELECT pg_catalog.setval('public."DatabaseManager_comunaregion_id_seq"', 12, true);


--
-- Name: DatabaseManager_comunausuario_id_seq; Type: SEQUENCE SET; Schema: public; Owner: postgres
--

SELECT pg_catalog.setval('public."DatabaseManager_comunausuario_id_seq"', 17, true);


--
-- Name: DatabaseManager_comunidades_id_comunidad_seq; Type: SEQUENCE SET; Schema: public; Owner: postgres
--

SELECT pg_catalog.setval('public."DatabaseManager_comunidades_id_comunidad_seq"', 32, true);


--
-- Name: DatabaseManager_comunidadesusuario_id_seq; Type: SEQUENCE SET; Schema: public; Owner: postgres
--

SELECT pg_catalog.setval('public."DatabaseManager_comunidadesusuario_id_seq"', 26, true);


--
-- Name: DatabaseManager_contactosemergencia_id_seq; Type: SEQUENCE SET; Schema: public; Owner: postgres
--

SELECT pg_catalog.setval('public."DatabaseManager_contactosemergencia_id_seq"', 11, true);


--
-- Name: DatabaseManager_denuncias_id_seq; Type: SEQUENCE SET; Schema: public; Owner: postgres
--

SELECT pg_catalog.setval('public."DatabaseManager_denuncias_id_seq"', 1, true);


--
-- Name: DatabaseManager_dias_id_dia_seq; Type: SEQUENCE SET; Schema: public; Owner: postgres
--

SELECT pg_catalog.setval('public."DatabaseManager_dias_id_dia_seq"', 7, true);


--
-- Name: DatabaseManager_diasrutas_id_seq; Type: SEQUENCE SET; Schema: public; Owner: postgres
--

SELECT pg_catalog.setval('public."DatabaseManager_diasrutas_id_seq"', 56, true);


--
-- Name: DatabaseManager_miembroscomunidad_id_seq; Type: SEQUENCE SET; Schema: public; Owner: postgres
--

SELECT pg_catalog.setval('public."DatabaseManager_miembroscomunidad_id_seq"', 24, true);


--
-- Name: DatabaseManager_miembrosruta_id_seq; Type: SEQUENCE SET; Schema: public; Owner: postgres
--

SELECT pg_catalog.setval('public."DatabaseManager_miembrosruta_id_seq"', 7, true);


--
-- Name: DatabaseManager_notificaciones_id_notificacion_seq; Type: SEQUENCE SET; Schema: public; Owner: postgres
--

SELECT pg_catalog.setval('public."DatabaseManager_notificaciones_id_notificacion_seq"', 32, true);


--
-- Name: DatabaseManager_ordentrayectoria_id_seq; Type: SEQUENCE SET; Schema: public; Owner: postgres
--

SELECT pg_catalog.setval('public."DatabaseManager_ordentrayectoria_id_seq"', 247, true);


--
-- Name: DatabaseManager_region_id_region_seq; Type: SEQUENCE SET; Schema: public; Owner: postgres
--

SELECT pg_catalog.setval('public."DatabaseManager_region_id_region_seq"', 1, true);


--
-- Name: DatabaseManager_roles_id_rol_seq; Type: SEQUENCE SET; Schema: public; Owner: postgres
--

SELECT pg_catalog.setval('public."DatabaseManager_roles_id_rol_seq"', 2, true);


--
-- Name: DatabaseManager_rolusuario_id_seq; Type: SEQUENCE SET; Schema: public; Owner: postgres
--

SELECT pg_catalog.setval('public."DatabaseManager_rolusuario_id_seq"', 116, true);


--
-- Name: DatabaseManager_rutas_id_ruta_seq; Type: SEQUENCE SET; Schema: public; Owner: postgres
--

SELECT pg_catalog.setval('public."DatabaseManager_rutas_id_ruta_seq"', 28, true);


--
-- Name: DatabaseManager_rutasejecutadas_id_seq; Type: SEQUENCE SET; Schema: public; Owner: postgres
--

SELECT pg_catalog.setval('public."DatabaseManager_rutasejecutadas_id_seq"', 14, true);


--
-- Name: DatabaseManager_trayectoria_id_trayectoria_seq; Type: SEQUENCE SET; Schema: public; Owner: postgres
--

SELECT pg_catalog.setval('public."DatabaseManager_trayectoria_id_trayectoria_seq"', 22, true);


--
-- Name: DatabaseManager_ubicacion_id_seq; Type: SEQUENCE SET; Schema: public; Owner: postgres
--

SELECT pg_catalog.setval('public."DatabaseManager_ubicacion_id_seq"', 255, true);


--
-- Name: DatabaseManager_usuario_groups_id_seq; Type: SEQUENCE SET; Schema: public; Owner: postgres
--

SELECT pg_catalog.setval('public."DatabaseManager_usuario_groups_id_seq"', 1, false);


--
-- Name: DatabaseManager_usuario_id_usuario_seq; Type: SEQUENCE SET; Schema: public; Owner: postgres
--

SELECT pg_catalog.setval('public."DatabaseManager_usuario_id_usuario_seq"', 42, true);


--
-- Name: DatabaseManager_usuario_user_permissions_id_seq; Type: SEQUENCE SET; Schema: public; Owner: postgres
--

SELECT pg_catalog.setval('public."DatabaseManager_usuario_user_permissions_id_seq"', 1, false);


--
-- Name: DatabaseManager_vehiculos_id_vehiculo_seq; Type: SEQUENCE SET; Schema: public; Owner: postgres
--

SELECT pg_catalog.setval('public."DatabaseManager_vehiculos_id_vehiculo_seq"', 22, true);


--
-- Name: DatabaseManager_vehiculousuario_id_seq; Type: SEQUENCE SET; Schema: public; Owner: postgres
--

SELECT pg_catalog.setval('public."DatabaseManager_vehiculousuario_id_seq"', 13, true);


--
-- Name: auth_group_id_seq; Type: SEQUENCE SET; Schema: public; Owner: postgres
--

SELECT pg_catalog.setval('public.auth_group_id_seq', 1, false);


--
-- Name: auth_group_permissions_id_seq; Type: SEQUENCE SET; Schema: public; Owner: postgres
--

SELECT pg_catalog.setval('public.auth_group_permissions_id_seq', 1, false);


--
-- Name: auth_permission_id_seq; Type: SEQUENCE SET; Schema: public; Owner: postgres
--

SELECT pg_catalog.setval('public.auth_permission_id_seq', 144, true);


--
-- Name: django_admin_log_id_seq; Type: SEQUENCE SET; Schema: public; Owner: postgres
--

SELECT pg_catalog.setval('public.django_admin_log_id_seq', 366, true);


--
-- Name: django_content_type_id_seq; Type: SEQUENCE SET; Schema: public; Owner: postgres
--

SELECT pg_catalog.setval('public.django_content_type_id_seq', 36, true);


--
-- Name: django_migrations_id_seq; Type: SEQUENCE SET; Schema: public; Owner: postgres
--

SELECT pg_catalog.setval('public.django_migrations_id_seq', 54, true);


--
-- Name: DatabaseManager_calificaciones DatabaseManager_calificaciones_pkey; Type: CONSTRAINT; Schema: public; Owner: postgres
--

ALTER TABLE ONLY public."DatabaseManager_calificaciones"
    ADD CONSTRAINT "DatabaseManager_calificaciones_pkey" PRIMARY KEY (id_calificacion);


--
-- Name: DatabaseManager_categoriascalificacion DatabaseManager_categoriascalificacion_pkey; Type: CONSTRAINT; Schema: public; Owner: postgres
--

ALTER TABLE ONLY public."DatabaseManager_categoriascalificacion"
    ADD CONSTRAINT "DatabaseManager_categoriascalificacion_pkey" PRIMARY KEY (id);


--
-- Name: DatabaseManager_comuna DatabaseManager_comuna_pkey; Type: CONSTRAINT; Schema: public; Owner: postgres
--

ALTER TABLE ONLY public."DatabaseManager_comuna"
    ADD CONSTRAINT "DatabaseManager_comuna_pkey" PRIMARY KEY (id_comuna);


--
-- Name: DatabaseManager_comunacomunidad DatabaseManager_comunacomunidad_pkey; Type: CONSTRAINT; Schema: public; Owner: postgres
--

ALTER TABLE ONLY public."DatabaseManager_comunacomunidad"
    ADD CONSTRAINT "DatabaseManager_comunacomunidad_pkey" PRIMARY KEY (id);


--
-- Name: DatabaseManager_comunaregion DatabaseManager_comunaregion_pkey; Type: CONSTRAINT; Schema: public; Owner: postgres
--

ALTER TABLE ONLY public."DatabaseManager_comunaregion"
    ADD CONSTRAINT "DatabaseManager_comunaregion_pkey" PRIMARY KEY (id);


--
-- Name: DatabaseManager_comunausuario DatabaseManager_comunausuario_pkey; Type: CONSTRAINT; Schema: public; Owner: postgres
--

ALTER TABLE ONLY public."DatabaseManager_comunausuario"
    ADD CONSTRAINT "DatabaseManager_comunausuario_pkey" PRIMARY KEY (id);


--
-- Name: DatabaseManager_comunidades DatabaseManager_comunidades_pkey; Type: CONSTRAINT; Schema: public; Owner: postgres
--

ALTER TABLE ONLY public."DatabaseManager_comunidades"
    ADD CONSTRAINT "DatabaseManager_comunidades_pkey" PRIMARY KEY (id_comunidad);


--
-- Name: DatabaseManager_comunidadesusuario DatabaseManager_comunidadesusuario_pkey; Type: CONSTRAINT; Schema: public; Owner: postgres
--

ALTER TABLE ONLY public."DatabaseManager_comunidadesusuario"
    ADD CONSTRAINT "DatabaseManager_comunidadesusuario_pkey" PRIMARY KEY (id);


--
-- Name: DatabaseManager_contactosemergencia DatabaseManager_contactosemergencia_pkey; Type: CONSTRAINT; Schema: public; Owner: postgres
--

ALTER TABLE ONLY public."DatabaseManager_contactosemergencia"
    ADD CONSTRAINT "DatabaseManager_contactosemergencia_pkey" PRIMARY KEY (id);


--
-- Name: DatabaseManager_denuncias DatabaseManager_denuncias_pkey; Type: CONSTRAINT; Schema: public; Owner: postgres
--

ALTER TABLE ONLY public."DatabaseManager_denuncias"
    ADD CONSTRAINT "DatabaseManager_denuncias_pkey" PRIMARY KEY (id);


--
-- Name: DatabaseManager_dias DatabaseManager_dias_pkey; Type: CONSTRAINT; Schema: public; Owner: postgres
--

ALTER TABLE ONLY public."DatabaseManager_dias"
    ADD CONSTRAINT "DatabaseManager_dias_pkey" PRIMARY KEY (id_dia);


--
-- Name: DatabaseManager_diasrutas DatabaseManager_diasrutas_pkey; Type: CONSTRAINT; Schema: public; Owner: postgres
--

ALTER TABLE ONLY public."DatabaseManager_diasrutas"
    ADD CONSTRAINT "DatabaseManager_diasrutas_pkey" PRIMARY KEY (id);


--
-- Name: DatabaseManager_miembroscomunidad DatabaseManager_miembroscomunidad_pkey; Type: CONSTRAINT; Schema: public; Owner: postgres
--

ALTER TABLE ONLY public."DatabaseManager_miembroscomunidad"
    ADD CONSTRAINT "DatabaseManager_miembroscomunidad_pkey" PRIMARY KEY (id);


--
-- Name: DatabaseManager_miembrosruta DatabaseManager_miembrosruta_pkey; Type: CONSTRAINT; Schema: public; Owner: postgres
--

ALTER TABLE ONLY public."DatabaseManager_miembrosruta"
    ADD CONSTRAINT "DatabaseManager_miembrosruta_pkey" PRIMARY KEY (id);


--
-- Name: DatabaseManager_notificaciones DatabaseManager_notificaciones_pkey; Type: CONSTRAINT; Schema: public; Owner: postgres
--

ALTER TABLE ONLY public."DatabaseManager_notificaciones"
    ADD CONSTRAINT "DatabaseManager_notificaciones_pkey" PRIMARY KEY (id_notificacion);


--
-- Name: DatabaseManager_ordentrayectoria DatabaseManager_ordentrayectoria_pkey; Type: CONSTRAINT; Schema: public; Owner: postgres
--

ALTER TABLE ONLY public."DatabaseManager_ordentrayectoria"
    ADD CONSTRAINT "DatabaseManager_ordentrayectoria_pkey" PRIMARY KEY (id);


--
-- Name: DatabaseManager_region DatabaseManager_region_pkey; Type: CONSTRAINT; Schema: public; Owner: postgres
--

ALTER TABLE ONLY public."DatabaseManager_region"
    ADD CONSTRAINT "DatabaseManager_region_pkey" PRIMARY KEY (id_region);


--
-- Name: DatabaseManager_roles DatabaseManager_roles_pkey; Type: CONSTRAINT; Schema: public; Owner: postgres
--

ALTER TABLE ONLY public."DatabaseManager_roles"
    ADD CONSTRAINT "DatabaseManager_roles_pkey" PRIMARY KEY (id_rol);


--
-- Name: DatabaseManager_rolusuario DatabaseManager_rolusuario_pkey; Type: CONSTRAINT; Schema: public; Owner: postgres
--

ALTER TABLE ONLY public."DatabaseManager_rolusuario"
    ADD CONSTRAINT "DatabaseManager_rolusuario_pkey" PRIMARY KEY (id);


--
-- Name: DatabaseManager_rutas DatabaseManager_rutas_pkey; Type: CONSTRAINT; Schema: public; Owner: postgres
--

ALTER TABLE ONLY public."DatabaseManager_rutas"
    ADD CONSTRAINT "DatabaseManager_rutas_pkey" PRIMARY KEY (id_ruta);


--
-- Name: DatabaseManager_rutasejecutadas DatabaseManager_rutasejecutadas_pkey; Type: CONSTRAINT; Schema: public; Owner: postgres
--

ALTER TABLE ONLY public."DatabaseManager_rutasejecutadas"
    ADD CONSTRAINT "DatabaseManager_rutasejecutadas_pkey" PRIMARY KEY (id);


--
-- Name: DatabaseManager_trayectoria DatabaseManager_trayectoria_pkey; Type: CONSTRAINT; Schema: public; Owner: postgres
--

ALTER TABLE ONLY public."DatabaseManager_trayectoria"
    ADD CONSTRAINT "DatabaseManager_trayectoria_pkey" PRIMARY KEY (id_trayectoria);


--
-- Name: DatabaseManager_ubicacion DatabaseManager_ubicacion_pkey; Type: CONSTRAINT; Schema: public; Owner: postgres
--

ALTER TABLE ONLY public."DatabaseManager_ubicacion"
    ADD CONSTRAINT "DatabaseManager_ubicacion_pkey" PRIMARY KEY (id);


--
-- Name: DatabaseManager_usuario_groups DatabaseManager_usuario__usuario_id_group_id_1fc78ee8_uniq; Type: CONSTRAINT; Schema: public; Owner: postgres
--

ALTER TABLE ONLY public."DatabaseManager_usuario_groups"
    ADD CONSTRAINT "DatabaseManager_usuario__usuario_id_group_id_1fc78ee8_uniq" UNIQUE (usuario_id, group_id);


--
-- Name: DatabaseManager_usuario_user_permissions DatabaseManager_usuario__usuario_id_permission_id_b2a489ed_uniq; Type: CONSTRAINT; Schema: public; Owner: postgres
--

ALTER TABLE ONLY public."DatabaseManager_usuario_user_permissions"
    ADD CONSTRAINT "DatabaseManager_usuario__usuario_id_permission_id_b2a489ed_uniq" UNIQUE (usuario_id, permission_id);


--
-- Name: DatabaseManager_usuario DatabaseManager_usuario_email_752fc62f_uniq; Type: CONSTRAINT; Schema: public; Owner: postgres
--

ALTER TABLE ONLY public."DatabaseManager_usuario"
    ADD CONSTRAINT "DatabaseManager_usuario_email_752fc62f_uniq" UNIQUE (email);


--
-- Name: DatabaseManager_usuario_groups DatabaseManager_usuario_groups_pkey; Type: CONSTRAINT; Schema: public; Owner: postgres
--

ALTER TABLE ONLY public."DatabaseManager_usuario_groups"
    ADD CONSTRAINT "DatabaseManager_usuario_groups_pkey" PRIMARY KEY (id);


--
-- Name: DatabaseManager_usuario DatabaseManager_usuario_pkey; Type: CONSTRAINT; Schema: public; Owner: postgres
--

ALTER TABLE ONLY public."DatabaseManager_usuario"
    ADD CONSTRAINT "DatabaseManager_usuario_pkey" PRIMARY KEY (id_usuario);


--
-- Name: DatabaseManager_usuario_user_permissions DatabaseManager_usuario_user_permissions_pkey; Type: CONSTRAINT; Schema: public; Owner: postgres
--

ALTER TABLE ONLY public."DatabaseManager_usuario_user_permissions"
    ADD CONSTRAINT "DatabaseManager_usuario_user_permissions_pkey" PRIMARY KEY (id);


--
-- Name: DatabaseManager_vehiculos DatabaseManager_vehiculos_pkey; Type: CONSTRAINT; Schema: public; Owner: postgres
--

ALTER TABLE ONLY public."DatabaseManager_vehiculos"
    ADD CONSTRAINT "DatabaseManager_vehiculos_pkey" PRIMARY KEY (id_vehiculo);


--
-- Name: DatabaseManager_vehiculousuario DatabaseManager_vehiculousuario_pkey; Type: CONSTRAINT; Schema: public; Owner: postgres
--

ALTER TABLE ONLY public."DatabaseManager_vehiculousuario"
    ADD CONSTRAINT "DatabaseManager_vehiculousuario_pkey" PRIMARY KEY (id);


--
-- Name: auth_group auth_group_name_key; Type: CONSTRAINT; Schema: public; Owner: postgres
--

ALTER TABLE ONLY public.auth_group
    ADD CONSTRAINT auth_group_name_key UNIQUE (name);


--
-- Name: auth_group_permissions auth_group_permissions_group_id_permission_id_0cd325b0_uniq; Type: CONSTRAINT; Schema: public; Owner: postgres
--

ALTER TABLE ONLY public.auth_group_permissions
    ADD CONSTRAINT auth_group_permissions_group_id_permission_id_0cd325b0_uniq UNIQUE (group_id, permission_id);


--
-- Name: auth_group_permissions auth_group_permissions_pkey; Type: CONSTRAINT; Schema: public; Owner: postgres
--

ALTER TABLE ONLY public.auth_group_permissions
    ADD CONSTRAINT auth_group_permissions_pkey PRIMARY KEY (id);


--
-- Name: auth_group auth_group_pkey; Type: CONSTRAINT; Schema: public; Owner: postgres
--

ALTER TABLE ONLY public.auth_group
    ADD CONSTRAINT auth_group_pkey PRIMARY KEY (id);


--
-- Name: auth_permission auth_permission_content_type_id_codename_01ab375a_uniq; Type: CONSTRAINT; Schema: public; Owner: postgres
--

ALTER TABLE ONLY public.auth_permission
    ADD CONSTRAINT auth_permission_content_type_id_codename_01ab375a_uniq UNIQUE (content_type_id, codename);


--
-- Name: auth_permission auth_permission_pkey; Type: CONSTRAINT; Schema: public; Owner: postgres
--

ALTER TABLE ONLY public.auth_permission
    ADD CONSTRAINT auth_permission_pkey PRIMARY KEY (id);


--
-- Name: django_admin_log django_admin_log_pkey; Type: CONSTRAINT; Schema: public; Owner: postgres
--

ALTER TABLE ONLY public.django_admin_log
    ADD CONSTRAINT django_admin_log_pkey PRIMARY KEY (id);


--
-- Name: django_content_type django_content_type_app_label_model_76bd3d3b_uniq; Type: CONSTRAINT; Schema: public; Owner: postgres
--

ALTER TABLE ONLY public.django_content_type
    ADD CONSTRAINT django_content_type_app_label_model_76bd3d3b_uniq UNIQUE (app_label, model);


--
-- Name: django_content_type django_content_type_pkey; Type: CONSTRAINT; Schema: public; Owner: postgres
--

ALTER TABLE ONLY public.django_content_type
    ADD CONSTRAINT django_content_type_pkey PRIMARY KEY (id);


--
-- Name: django_migrations django_migrations_pkey; Type: CONSTRAINT; Schema: public; Owner: postgres
--

ALTER TABLE ONLY public.django_migrations
    ADD CONSTRAINT django_migrations_pkey PRIMARY KEY (id);


--
-- Name: django_session django_session_pkey; Type: CONSTRAINT; Schema: public; Owner: postgres
--

ALTER TABLE ONLY public.django_session
    ADD CONSTRAINT django_session_pkey PRIMARY KEY (session_key);


--
-- Name: DatabaseManager_calificaciones_id_calificado_id_d635bca2; Type: INDEX; Schema: public; Owner: postgres
--

CREATE INDEX "DatabaseManager_calificaciones_id_calificado_id_d635bca2" ON public."DatabaseManager_calificaciones" USING btree (id_calificado_id);


--
-- Name: DatabaseManager_calificaciones_id_calificador_id_4a0980df; Type: INDEX; Schema: public; Owner: postgres
--

CREATE INDEX "DatabaseManager_calificaciones_id_calificador_id_4a0980df" ON public."DatabaseManager_calificaciones" USING btree (id_calificador_id);


--
-- Name: DatabaseManager_categorias_id_calificador_id_101f31bc; Type: INDEX; Schema: public; Owner: postgres
--

CREATE INDEX "DatabaseManager_categorias_id_calificador_id_101f31bc" ON public."DatabaseManager_categoriascalificacion" USING btree (id_calificacion_id);


--
-- Name: DatabaseManager_comunacomunidad_id_comuna_id_b936e4ef; Type: INDEX; Schema: public; Owner: postgres
--

CREATE INDEX "DatabaseManager_comunacomunidad_id_comuna_id_b936e4ef" ON public."DatabaseManager_comunacomunidad" USING btree (id_comuna_id);


--
-- Name: DatabaseManager_comunacomunidad_id_comunidad_id_a1aa7202; Type: INDEX; Schema: public; Owner: postgres
--

CREATE INDEX "DatabaseManager_comunacomunidad_id_comunidad_id_a1aa7202" ON public."DatabaseManager_comunacomunidad" USING btree (id_comunidad_id);


--
-- Name: DatabaseManager_comunaregion_id_comuna_id_06f1cb39; Type: INDEX; Schema: public; Owner: postgres
--

CREATE INDEX "DatabaseManager_comunaregion_id_comuna_id_06f1cb39" ON public."DatabaseManager_comunaregion" USING btree (id_comuna_id);


--
-- Name: DatabaseManager_comunaregion_id_region_id_583802c9; Type: INDEX; Schema: public; Owner: postgres
--

CREATE INDEX "DatabaseManager_comunaregion_id_region_id_583802c9" ON public."DatabaseManager_comunaregion" USING btree (id_region_id);


--
-- Name: DatabaseManager_comunausuario_id_comuna_id_1ad694c0; Type: INDEX; Schema: public; Owner: postgres
--

CREATE INDEX "DatabaseManager_comunausuario_id_comuna_id_1ad694c0" ON public."DatabaseManager_comunausuario" USING btree (id_comuna_id);


--
-- Name: DatabaseManager_comunausuario_id_usuario_id_23158f6a; Type: INDEX; Schema: public; Owner: postgres
--

CREATE INDEX "DatabaseManager_comunausuario_id_usuario_id_23158f6a" ON public."DatabaseManager_comunausuario" USING btree (id_usuario_id);


--
-- Name: DatabaseManager_comunidadesusuario_id_comunidad_id_746b16bb; Type: INDEX; Schema: public; Owner: postgres
--

CREATE INDEX "DatabaseManager_comunidadesusuario_id_comunidad_id_746b16bb" ON public."DatabaseManager_comunidadesusuario" USING btree (id_comunidad_id);


--
-- Name: DatabaseManager_comunidadesusuario_id_usuario_id_c8a22dee; Type: INDEX; Schema: public; Owner: postgres
--

CREATE INDEX "DatabaseManager_comunidadesusuario_id_usuario_id_c8a22dee" ON public."DatabaseManager_comunidadesusuario" USING btree (id_usuario_id);


--
-- Name: DatabaseManager_contactosemergencia_id_usuario_id_aef8d510; Type: INDEX; Schema: public; Owner: postgres
--

CREATE INDEX "DatabaseManager_contactosemergencia_id_usuario_id_aef8d510" ON public."DatabaseManager_contactosemergencia" USING btree (id_usuario_id);


--
-- Name: DatabaseManager_denuncias_id_denunciado_id_df6fc319; Type: INDEX; Schema: public; Owner: postgres
--

CREATE INDEX "DatabaseManager_denuncias_id_denunciado_id_df6fc319" ON public."DatabaseManager_denuncias" USING btree (id_denunciado_id);


--
-- Name: DatabaseManager_denuncias_id_denunciante_id_75d5b927; Type: INDEX; Schema: public; Owner: postgres
--

CREATE INDEX "DatabaseManager_denuncias_id_denunciante_id_75d5b927" ON public."DatabaseManager_denuncias" USING btree (id_denunciante_id);


--
-- Name: DatabaseManager_diasrutas_id_dia_id_c516ef4e; Type: INDEX; Schema: public; Owner: postgres
--

CREATE INDEX "DatabaseManager_diasrutas_id_dia_id_c516ef4e" ON public."DatabaseManager_diasrutas" USING btree (id_dia_id);


--
-- Name: DatabaseManager_diasrutas_id_ruta_id_0df9bac7; Type: INDEX; Schema: public; Owner: postgres
--

CREATE INDEX "DatabaseManager_diasrutas_id_ruta_id_0df9bac7" ON public."DatabaseManager_diasrutas" USING btree (id_ruta_id);


--
-- Name: DatabaseManager_miembroscomunidad_id_comunidad_id_15d1dafb; Type: INDEX; Schema: public; Owner: postgres
--

CREATE INDEX "DatabaseManager_miembroscomunidad_id_comunidad_id_15d1dafb" ON public."DatabaseManager_miembroscomunidad" USING btree (id_comunidad_id);


--
-- Name: DatabaseManager_miembroscomunidad_id_miembro_id_317c3b56; Type: INDEX; Schema: public; Owner: postgres
--

CREATE INDEX "DatabaseManager_miembroscomunidad_id_miembro_id_317c3b56" ON public."DatabaseManager_miembroscomunidad" USING btree (id_miembro_id);


--
-- Name: DatabaseManager_miembrosruta_id_miembro_id_a31bfecc; Type: INDEX; Schema: public; Owner: postgres
--

CREATE INDEX "DatabaseManager_miembrosruta_id_miembro_id_a31bfecc" ON public."DatabaseManager_miembrosruta" USING btree (id_miembro_id);


--
-- Name: DatabaseManager_miembrosruta_id_ruta_id_2416211f; Type: INDEX; Schema: public; Owner: postgres
--

CREATE INDEX "DatabaseManager_miembrosruta_id_ruta_id_2416211f" ON public."DatabaseManager_miembrosruta" USING btree (id_ruta_id);


--
-- Name: DatabaseManager_notificaciones_id_comunidad_id_fc22c940; Type: INDEX; Schema: public; Owner: postgres
--

CREATE INDEX "DatabaseManager_notificaciones_id_comunidad_id_fc22c940" ON public."DatabaseManager_notificaciones" USING btree (id_comunidad_id);


--
-- Name: DatabaseManager_notificaciones_id_propietario_id_5746db9b; Type: INDEX; Schema: public; Owner: postgres
--

CREATE INDEX "DatabaseManager_notificaciones_id_propietario_id_5746db9b" ON public."DatabaseManager_notificaciones" USING btree (id_propietario_id);


--
-- Name: DatabaseManager_notificaciones_id_ruta_id_14b29a6f; Type: INDEX; Schema: public; Owner: postgres
--

CREATE INDEX "DatabaseManager_notificaciones_id_ruta_id_14b29a6f" ON public."DatabaseManager_notificaciones" USING btree (id_ruta_id);


--
-- Name: DatabaseManager_notificaciones_id_solicitante_id_a78cdf73; Type: INDEX; Schema: public; Owner: postgres
--

CREATE INDEX "DatabaseManager_notificaciones_id_solicitante_id_a78cdf73" ON public."DatabaseManager_notificaciones" USING btree (id_solicitante_id);


--
-- Name: DatabaseManager_ordentrayectoria_id_trayectoria_id_9d262d70; Type: INDEX; Schema: public; Owner: postgres
--

CREATE INDEX "DatabaseManager_ordentrayectoria_id_trayectoria_id_9d262d70" ON public."DatabaseManager_ordentrayectoria" USING btree (id_trayectoria_id);


--
-- Name: DatabaseManager_rolusuario_id_rol_id_f8dce0b4; Type: INDEX; Schema: public; Owner: postgres
--

CREATE INDEX "DatabaseManager_rolusuario_id_rol_id_f8dce0b4" ON public."DatabaseManager_rolusuario" USING btree (id_rol_id);


--
-- Name: DatabaseManager_rolusuario_id_usuario_id_b1d3c503; Type: INDEX; Schema: public; Owner: postgres
--

CREATE INDEX "DatabaseManager_rolusuario_id_usuario_id_b1d3c503" ON public."DatabaseManager_rolusuario" USING btree (id_usuario_id);


--
-- Name: DatabaseManager_rutas_id_conductor_id_507103fc; Type: INDEX; Schema: public; Owner: postgres
--

CREATE INDEX "DatabaseManager_rutas_id_conductor_id_507103fc" ON public."DatabaseManager_rutas" USING btree (id_conductor_id);


--
-- Name: DatabaseManager_rutas_id_vehiculo_id_cee53a87; Type: INDEX; Schema: public; Owner: postgres
--

CREATE INDEX "DatabaseManager_rutas_id_vehiculo_id_cee53a87" ON public."DatabaseManager_rutas" USING btree (id_vehiculo_id);


--
-- Name: DatabaseManager_rutasejecutadas_id_conductor_id_62b71b32; Type: INDEX; Schema: public; Owner: postgres
--

CREATE INDEX "DatabaseManager_rutasejecutadas_id_conductor_id_62b71b32" ON public."DatabaseManager_rutasejecutadas" USING btree (id_conductor_id);


--
-- Name: DatabaseManager_rutasejecutadas_id_ruta_id_b6e294b1; Type: INDEX; Schema: public; Owner: postgres
--

CREATE INDEX "DatabaseManager_rutasejecutadas_id_ruta_id_b6e294b1" ON public."DatabaseManager_rutasejecutadas" USING btree (id_ruta_id);


--
-- Name: DatabaseManager_trayectoria_id_ruta_id_85138ca0; Type: INDEX; Schema: public; Owner: postgres
--

CREATE INDEX "DatabaseManager_trayectoria_id_ruta_id_85138ca0" ON public."DatabaseManager_trayectoria" USING btree (id_ruta_id);


--
-- Name: DatabaseManager_ubicacion_id_emisor_id_c3be2867; Type: INDEX; Schema: public; Owner: postgres
--

CREATE INDEX "DatabaseManager_ubicacion_id_emisor_id_c3be2867" ON public."DatabaseManager_ubicacion" USING btree (id_emisor_id);


--
-- Name: DatabaseManager_ubicacion_id_receptor_id_4c470af2; Type: INDEX; Schema: public; Owner: postgres
--

CREATE INDEX "DatabaseManager_ubicacion_id_receptor_id_4c470af2" ON public."DatabaseManager_ubicacion" USING btree (id_receptor_id);


--
-- Name: DatabaseManager_usuario_email_752fc62f_like; Type: INDEX; Schema: public; Owner: postgres
--

CREATE INDEX "DatabaseManager_usuario_email_752fc62f_like" ON public."DatabaseManager_usuario" USING btree (email varchar_pattern_ops);


--
-- Name: DatabaseManager_usuario_groups_group_id_57f4d69f; Type: INDEX; Schema: public; Owner: postgres
--

CREATE INDEX "DatabaseManager_usuario_groups_group_id_57f4d69f" ON public."DatabaseManager_usuario_groups" USING btree (group_id);


--
-- Name: DatabaseManager_usuario_groups_usuario_id_ede59176; Type: INDEX; Schema: public; Owner: postgres
--

CREATE INDEX "DatabaseManager_usuario_groups_usuario_id_ede59176" ON public."DatabaseManager_usuario_groups" USING btree (usuario_id);


--
-- Name: DatabaseManager_usuario_user_permissions_permission_id_eee2fde5; Type: INDEX; Schema: public; Owner: postgres
--

CREATE INDEX "DatabaseManager_usuario_user_permissions_permission_id_eee2fde5" ON public."DatabaseManager_usuario_user_permissions" USING btree (permission_id);


--
-- Name: DatabaseManager_usuario_user_permissions_usuario_id_cf6151c7; Type: INDEX; Schema: public; Owner: postgres
--

CREATE INDEX "DatabaseManager_usuario_user_permissions_usuario_id_cf6151c7" ON public."DatabaseManager_usuario_user_permissions" USING btree (usuario_id);


--
-- Name: DatabaseManager_vehiculousuario_id_usuario_id_fa185939; Type: INDEX; Schema: public; Owner: postgres
--

CREATE INDEX "DatabaseManager_vehiculousuario_id_usuario_id_fa185939" ON public."DatabaseManager_vehiculousuario" USING btree (id_usuario_id);


--
-- Name: DatabaseManager_vehiculousuario_id_vehiculo_id_dc4254f7; Type: INDEX; Schema: public; Owner: postgres
--

CREATE INDEX "DatabaseManager_vehiculousuario_id_vehiculo_id_dc4254f7" ON public."DatabaseManager_vehiculousuario" USING btree (id_vehiculo_id);


--
-- Name: auth_group_name_a6ea08ec_like; Type: INDEX; Schema: public; Owner: postgres
--

CREATE INDEX auth_group_name_a6ea08ec_like ON public.auth_group USING btree (name varchar_pattern_ops);


--
-- Name: auth_group_permissions_group_id_b120cbf9; Type: INDEX; Schema: public; Owner: postgres
--

CREATE INDEX auth_group_permissions_group_id_b120cbf9 ON public.auth_group_permissions USING btree (group_id);


--
-- Name: auth_group_permissions_permission_id_84c5c92e; Type: INDEX; Schema: public; Owner: postgres
--

CREATE INDEX auth_group_permissions_permission_id_84c5c92e ON public.auth_group_permissions USING btree (permission_id);


--
-- Name: auth_permission_content_type_id_2f476e4b; Type: INDEX; Schema: public; Owner: postgres
--

CREATE INDEX auth_permission_content_type_id_2f476e4b ON public.auth_permission USING btree (content_type_id);


--
-- Name: django_admin_log_content_type_id_c4bce8eb; Type: INDEX; Schema: public; Owner: postgres
--

CREATE INDEX django_admin_log_content_type_id_c4bce8eb ON public.django_admin_log USING btree (content_type_id);


--
-- Name: django_admin_log_user_id_c564eba6; Type: INDEX; Schema: public; Owner: postgres
--

CREATE INDEX django_admin_log_user_id_c564eba6 ON public.django_admin_log USING btree (user_id);


--
-- Name: django_session_expire_date_a5c62663; Type: INDEX; Schema: public; Owner: postgres
--

CREATE INDEX django_session_expire_date_a5c62663 ON public.django_session USING btree (expire_date);


--
-- Name: django_session_session_key_c0390e0f_like; Type: INDEX; Schema: public; Owner: postgres
--

CREATE INDEX django_session_session_key_c0390e0f_like ON public.django_session USING btree (session_key varchar_pattern_ops);


--
-- Name: DatabaseManager_calificaciones DatabaseManager_cali_id_calificado_id_d635bca2_fk_DatabaseM; Type: FK CONSTRAINT; Schema: public; Owner: postgres
--

ALTER TABLE ONLY public."DatabaseManager_calificaciones"
    ADD CONSTRAINT "DatabaseManager_cali_id_calificado_id_d635bca2_fk_DatabaseM" FOREIGN KEY (id_calificado_id) REFERENCES public."DatabaseManager_usuario"(id_usuario) DEFERRABLE INITIALLY DEFERRED;


--
-- Name: DatabaseManager_calificaciones DatabaseManager_cali_id_calificador_id_4a0980df_fk_DatabaseM; Type: FK CONSTRAINT; Schema: public; Owner: postgres
--

ALTER TABLE ONLY public."DatabaseManager_calificaciones"
    ADD CONSTRAINT "DatabaseManager_cali_id_calificador_id_4a0980df_fk_DatabaseM" FOREIGN KEY (id_calificador_id) REFERENCES public."DatabaseManager_usuario"(id_usuario) DEFERRABLE INITIALLY DEFERRED;


--
-- Name: DatabaseManager_categoriascalificacion DatabaseManager_cate_id_calificacion_id_d04e9319_fk_DatabaseM; Type: FK CONSTRAINT; Schema: public; Owner: postgres
--

ALTER TABLE ONLY public."DatabaseManager_categoriascalificacion"
    ADD CONSTRAINT "DatabaseManager_cate_id_calificacion_id_d04e9319_fk_DatabaseM" FOREIGN KEY (id_calificacion_id) REFERENCES public."DatabaseManager_calificaciones"(id_calificacion) DEFERRABLE INITIALLY DEFERRED;


--
-- Name: DatabaseManager_comunaregion DatabaseManager_comu_id_comuna_id_06f1cb39_fk_DatabaseM; Type: FK CONSTRAINT; Schema: public; Owner: postgres
--

ALTER TABLE ONLY public."DatabaseManager_comunaregion"
    ADD CONSTRAINT "DatabaseManager_comu_id_comuna_id_06f1cb39_fk_DatabaseM" FOREIGN KEY (id_comuna_id) REFERENCES public."DatabaseManager_comuna"(id_comuna) DEFERRABLE INITIALLY DEFERRED;


--
-- Name: DatabaseManager_comunausuario DatabaseManager_comu_id_comuna_id_1ad694c0_fk_DatabaseM; Type: FK CONSTRAINT; Schema: public; Owner: postgres
--

ALTER TABLE ONLY public."DatabaseManager_comunausuario"
    ADD CONSTRAINT "DatabaseManager_comu_id_comuna_id_1ad694c0_fk_DatabaseM" FOREIGN KEY (id_comuna_id) REFERENCES public."DatabaseManager_comuna"(id_comuna) DEFERRABLE INITIALLY DEFERRED;


--
-- Name: DatabaseManager_comunacomunidad DatabaseManager_comu_id_comuna_id_b936e4ef_fk_DatabaseM; Type: FK CONSTRAINT; Schema: public; Owner: postgres
--

ALTER TABLE ONLY public."DatabaseManager_comunacomunidad"
    ADD CONSTRAINT "DatabaseManager_comu_id_comuna_id_b936e4ef_fk_DatabaseM" FOREIGN KEY (id_comuna_id) REFERENCES public."DatabaseManager_comuna"(id_comuna) DEFERRABLE INITIALLY DEFERRED;


--
-- Name: DatabaseManager_comunidadesusuario DatabaseManager_comu_id_comunidad_id_746b16bb_fk_DatabaseM; Type: FK CONSTRAINT; Schema: public; Owner: postgres
--

ALTER TABLE ONLY public."DatabaseManager_comunidadesusuario"
    ADD CONSTRAINT "DatabaseManager_comu_id_comunidad_id_746b16bb_fk_DatabaseM" FOREIGN KEY (id_comunidad_id) REFERENCES public."DatabaseManager_comunidades"(id_comunidad) DEFERRABLE INITIALLY DEFERRED;


--
-- Name: DatabaseManager_comunacomunidad DatabaseManager_comu_id_comunidad_id_a1aa7202_fk_DatabaseM; Type: FK CONSTRAINT; Schema: public; Owner: postgres
--

ALTER TABLE ONLY public."DatabaseManager_comunacomunidad"
    ADD CONSTRAINT "DatabaseManager_comu_id_comunidad_id_a1aa7202_fk_DatabaseM" FOREIGN KEY (id_comunidad_id) REFERENCES public."DatabaseManager_comunidades"(id_comunidad) DEFERRABLE INITIALLY DEFERRED;


--
-- Name: DatabaseManager_comunaregion DatabaseManager_comu_id_region_id_583802c9_fk_DatabaseM; Type: FK CONSTRAINT; Schema: public; Owner: postgres
--

ALTER TABLE ONLY public."DatabaseManager_comunaregion"
    ADD CONSTRAINT "DatabaseManager_comu_id_region_id_583802c9_fk_DatabaseM" FOREIGN KEY (id_region_id) REFERENCES public."DatabaseManager_region"(id_region) DEFERRABLE INITIALLY DEFERRED;


--
-- Name: DatabaseManager_comunausuario DatabaseManager_comu_id_usuario_id_23158f6a_fk_DatabaseM; Type: FK CONSTRAINT; Schema: public; Owner: postgres
--

ALTER TABLE ONLY public."DatabaseManager_comunausuario"
    ADD CONSTRAINT "DatabaseManager_comu_id_usuario_id_23158f6a_fk_DatabaseM" FOREIGN KEY (id_usuario_id) REFERENCES public."DatabaseManager_usuario"(id_usuario) DEFERRABLE INITIALLY DEFERRED;


--
-- Name: DatabaseManager_comunidadesusuario DatabaseManager_comu_id_usuario_id_c8a22dee_fk_DatabaseM; Type: FK CONSTRAINT; Schema: public; Owner: postgres
--

ALTER TABLE ONLY public."DatabaseManager_comunidadesusuario"
    ADD CONSTRAINT "DatabaseManager_comu_id_usuario_id_c8a22dee_fk_DatabaseM" FOREIGN KEY (id_usuario_id) REFERENCES public."DatabaseManager_usuario"(id_usuario) DEFERRABLE INITIALLY DEFERRED;


--
-- Name: DatabaseManager_contactosemergencia DatabaseManager_cont_id_usuario_id_aef8d510_fk_DatabaseM; Type: FK CONSTRAINT; Schema: public; Owner: postgres
--

ALTER TABLE ONLY public."DatabaseManager_contactosemergencia"
    ADD CONSTRAINT "DatabaseManager_cont_id_usuario_id_aef8d510_fk_DatabaseM" FOREIGN KEY (id_usuario_id) REFERENCES public."DatabaseManager_usuario"(id_usuario) DEFERRABLE INITIALLY DEFERRED;


--
-- Name: DatabaseManager_denuncias DatabaseManager_denu_id_denunciado_id_df6fc319_fk_DatabaseM; Type: FK CONSTRAINT; Schema: public; Owner: postgres
--

ALTER TABLE ONLY public."DatabaseManager_denuncias"
    ADD CONSTRAINT "DatabaseManager_denu_id_denunciado_id_df6fc319_fk_DatabaseM" FOREIGN KEY (id_denunciado_id) REFERENCES public."DatabaseManager_usuario"(id_usuario) DEFERRABLE INITIALLY DEFERRED;


--
-- Name: DatabaseManager_denuncias DatabaseManager_denu_id_denunciante_id_75d5b927_fk_DatabaseM; Type: FK CONSTRAINT; Schema: public; Owner: postgres
--

ALTER TABLE ONLY public."DatabaseManager_denuncias"
    ADD CONSTRAINT "DatabaseManager_denu_id_denunciante_id_75d5b927_fk_DatabaseM" FOREIGN KEY (id_denunciante_id) REFERENCES public."DatabaseManager_usuario"(id_usuario) DEFERRABLE INITIALLY DEFERRED;


--
-- Name: DatabaseManager_diasrutas DatabaseManager_dias_id_dia_id_c516ef4e_fk_DatabaseM; Type: FK CONSTRAINT; Schema: public; Owner: postgres
--

ALTER TABLE ONLY public."DatabaseManager_diasrutas"
    ADD CONSTRAINT "DatabaseManager_dias_id_dia_id_c516ef4e_fk_DatabaseM" FOREIGN KEY (id_dia_id) REFERENCES public."DatabaseManager_dias"(id_dia) DEFERRABLE INITIALLY DEFERRED;


--
-- Name: DatabaseManager_diasrutas DatabaseManager_dias_id_ruta_id_0df9bac7_fk_DatabaseM; Type: FK CONSTRAINT; Schema: public; Owner: postgres
--

ALTER TABLE ONLY public."DatabaseManager_diasrutas"
    ADD CONSTRAINT "DatabaseManager_dias_id_ruta_id_0df9bac7_fk_DatabaseM" FOREIGN KEY (id_ruta_id) REFERENCES public."DatabaseManager_rutas"(id_ruta) DEFERRABLE INITIALLY DEFERRED;


--
-- Name: DatabaseManager_miembroscomunidad DatabaseManager_miem_id_comunidad_id_15d1dafb_fk_DatabaseM; Type: FK CONSTRAINT; Schema: public; Owner: postgres
--

ALTER TABLE ONLY public."DatabaseManager_miembroscomunidad"
    ADD CONSTRAINT "DatabaseManager_miem_id_comunidad_id_15d1dafb_fk_DatabaseM" FOREIGN KEY (id_comunidad_id) REFERENCES public."DatabaseManager_comunidades"(id_comunidad) DEFERRABLE INITIALLY DEFERRED;


--
-- Name: DatabaseManager_miembroscomunidad DatabaseManager_miem_id_miembro_id_317c3b56_fk_DatabaseM; Type: FK CONSTRAINT; Schema: public; Owner: postgres
--

ALTER TABLE ONLY public."DatabaseManager_miembroscomunidad"
    ADD CONSTRAINT "DatabaseManager_miem_id_miembro_id_317c3b56_fk_DatabaseM" FOREIGN KEY (id_miembro_id) REFERENCES public."DatabaseManager_usuario"(id_usuario) DEFERRABLE INITIALLY DEFERRED;


--
-- Name: DatabaseManager_miembrosruta DatabaseManager_miem_id_miembro_id_a31bfecc_fk_DatabaseM; Type: FK CONSTRAINT; Schema: public; Owner: postgres
--

ALTER TABLE ONLY public."DatabaseManager_miembrosruta"
    ADD CONSTRAINT "DatabaseManager_miem_id_miembro_id_a31bfecc_fk_DatabaseM" FOREIGN KEY (id_miembro_id) REFERENCES public."DatabaseManager_usuario"(id_usuario) DEFERRABLE INITIALLY DEFERRED;


--
-- Name: DatabaseManager_miembrosruta DatabaseManager_miem_id_ruta_id_2416211f_fk_DatabaseM; Type: FK CONSTRAINT; Schema: public; Owner: postgres
--

ALTER TABLE ONLY public."DatabaseManager_miembrosruta"
    ADD CONSTRAINT "DatabaseManager_miem_id_ruta_id_2416211f_fk_DatabaseM" FOREIGN KEY (id_ruta_id) REFERENCES public."DatabaseManager_rutas"(id_ruta) DEFERRABLE INITIALLY DEFERRED;


--
-- Name: DatabaseManager_notificaciones DatabaseManager_noti_id_comunidad_id_fc22c940_fk_DatabaseM; Type: FK CONSTRAINT; Schema: public; Owner: postgres
--

ALTER TABLE ONLY public."DatabaseManager_notificaciones"
    ADD CONSTRAINT "DatabaseManager_noti_id_comunidad_id_fc22c940_fk_DatabaseM" FOREIGN KEY (id_comunidad_id) REFERENCES public."DatabaseManager_comunidades"(id_comunidad) DEFERRABLE INITIALLY DEFERRED;


--
-- Name: DatabaseManager_notificaciones DatabaseManager_noti_id_propietario_id_5746db9b_fk_DatabaseM; Type: FK CONSTRAINT; Schema: public; Owner: postgres
--

ALTER TABLE ONLY public."DatabaseManager_notificaciones"
    ADD CONSTRAINT "DatabaseManager_noti_id_propietario_id_5746db9b_fk_DatabaseM" FOREIGN KEY (id_propietario_id) REFERENCES public."DatabaseManager_usuario"(id_usuario) DEFERRABLE INITIALLY DEFERRED;


--
-- Name: DatabaseManager_notificaciones DatabaseManager_noti_id_ruta_id_14b29a6f_fk_DatabaseM; Type: FK CONSTRAINT; Schema: public; Owner: postgres
--

ALTER TABLE ONLY public."DatabaseManager_notificaciones"
    ADD CONSTRAINT "DatabaseManager_noti_id_ruta_id_14b29a6f_fk_DatabaseM" FOREIGN KEY (id_ruta_id) REFERENCES public."DatabaseManager_rutas"(id_ruta) DEFERRABLE INITIALLY DEFERRED;


--
-- Name: DatabaseManager_notificaciones DatabaseManager_noti_id_solicitante_id_a78cdf73_fk_DatabaseM; Type: FK CONSTRAINT; Schema: public; Owner: postgres
--

ALTER TABLE ONLY public."DatabaseManager_notificaciones"
    ADD CONSTRAINT "DatabaseManager_noti_id_solicitante_id_a78cdf73_fk_DatabaseM" FOREIGN KEY (id_solicitante_id) REFERENCES public."DatabaseManager_usuario"(id_usuario) DEFERRABLE INITIALLY DEFERRED;


--
-- Name: DatabaseManager_ordentrayectoria DatabaseManager_orde_id_trayectoria_id_9d262d70_fk_DatabaseM; Type: FK CONSTRAINT; Schema: public; Owner: postgres
--

ALTER TABLE ONLY public."DatabaseManager_ordentrayectoria"
    ADD CONSTRAINT "DatabaseManager_orde_id_trayectoria_id_9d262d70_fk_DatabaseM" FOREIGN KEY (id_trayectoria_id) REFERENCES public."DatabaseManager_trayectoria"(id_trayectoria) DEFERRABLE INITIALLY DEFERRED;


--
-- Name: DatabaseManager_rolusuario DatabaseManager_rolu_id_rol_id_f8dce0b4_fk_DatabaseM; Type: FK CONSTRAINT; Schema: public; Owner: postgres
--

ALTER TABLE ONLY public."DatabaseManager_rolusuario"
    ADD CONSTRAINT "DatabaseManager_rolu_id_rol_id_f8dce0b4_fk_DatabaseM" FOREIGN KEY (id_rol_id) REFERENCES public."DatabaseManager_roles"(id_rol) DEFERRABLE INITIALLY DEFERRED;


--
-- Name: DatabaseManager_rolusuario DatabaseManager_rolu_id_usuario_id_b1d3c503_fk_DatabaseM; Type: FK CONSTRAINT; Schema: public; Owner: postgres
--

ALTER TABLE ONLY public."DatabaseManager_rolusuario"
    ADD CONSTRAINT "DatabaseManager_rolu_id_usuario_id_b1d3c503_fk_DatabaseM" FOREIGN KEY (id_usuario_id) REFERENCES public."DatabaseManager_usuario"(id_usuario) DEFERRABLE INITIALLY DEFERRED;


--
-- Name: DatabaseManager_rutas DatabaseManager_ruta_id_conductor_id_507103fc_fk_DatabaseM; Type: FK CONSTRAINT; Schema: public; Owner: postgres
--

ALTER TABLE ONLY public."DatabaseManager_rutas"
    ADD CONSTRAINT "DatabaseManager_ruta_id_conductor_id_507103fc_fk_DatabaseM" FOREIGN KEY (id_conductor_id) REFERENCES public."DatabaseManager_usuario"(id_usuario) DEFERRABLE INITIALLY DEFERRED;


--
-- Name: DatabaseManager_rutasejecutadas DatabaseManager_ruta_id_conductor_id_62b71b32_fk_DatabaseM; Type: FK CONSTRAINT; Schema: public; Owner: postgres
--

ALTER TABLE ONLY public."DatabaseManager_rutasejecutadas"
    ADD CONSTRAINT "DatabaseManager_ruta_id_conductor_id_62b71b32_fk_DatabaseM" FOREIGN KEY (id_conductor_id) REFERENCES public."DatabaseManager_usuario"(id_usuario) DEFERRABLE INITIALLY DEFERRED;


--
-- Name: DatabaseManager_rutasejecutadas DatabaseManager_ruta_id_ruta_id_b6e294b1_fk_DatabaseM; Type: FK CONSTRAINT; Schema: public; Owner: postgres
--

ALTER TABLE ONLY public."DatabaseManager_rutasejecutadas"
    ADD CONSTRAINT "DatabaseManager_ruta_id_ruta_id_b6e294b1_fk_DatabaseM" FOREIGN KEY (id_ruta_id) REFERENCES public."DatabaseManager_rutas"(id_ruta) DEFERRABLE INITIALLY DEFERRED;


--
-- Name: DatabaseManager_rutas DatabaseManager_ruta_id_vehiculo_id_cee53a87_fk_DatabaseM; Type: FK CONSTRAINT; Schema: public; Owner: postgres
--

ALTER TABLE ONLY public."DatabaseManager_rutas"
    ADD CONSTRAINT "DatabaseManager_ruta_id_vehiculo_id_cee53a87_fk_DatabaseM" FOREIGN KEY (id_vehiculo_id) REFERENCES public."DatabaseManager_vehiculos"(id_vehiculo) DEFERRABLE INITIALLY DEFERRED;


--
-- Name: DatabaseManager_trayectoria DatabaseManager_tray_id_ruta_id_85138ca0_fk_DatabaseM; Type: FK CONSTRAINT; Schema: public; Owner: postgres
--

ALTER TABLE ONLY public."DatabaseManager_trayectoria"
    ADD CONSTRAINT "DatabaseManager_tray_id_ruta_id_85138ca0_fk_DatabaseM" FOREIGN KEY (id_ruta_id) REFERENCES public."DatabaseManager_rutas"(id_ruta) DEFERRABLE INITIALLY DEFERRED;


--
-- Name: DatabaseManager_ubicacion DatabaseManager_ubic_id_emisor_id_c3be2867_fk_DatabaseM; Type: FK CONSTRAINT; Schema: public; Owner: postgres
--

ALTER TABLE ONLY public."DatabaseManager_ubicacion"
    ADD CONSTRAINT "DatabaseManager_ubic_id_emisor_id_c3be2867_fk_DatabaseM" FOREIGN KEY (id_emisor_id) REFERENCES public."DatabaseManager_usuario"(id_usuario) DEFERRABLE INITIALLY DEFERRED;


--
-- Name: DatabaseManager_ubicacion DatabaseManager_ubic_id_receptor_id_4c470af2_fk_DatabaseM; Type: FK CONSTRAINT; Schema: public; Owner: postgres
--

ALTER TABLE ONLY public."DatabaseManager_ubicacion"
    ADD CONSTRAINT "DatabaseManager_ubic_id_receptor_id_4c470af2_fk_DatabaseM" FOREIGN KEY (id_receptor_id) REFERENCES public."DatabaseManager_usuario"(id_usuario) DEFERRABLE INITIALLY DEFERRED;


--
-- Name: DatabaseManager_usuario_groups DatabaseManager_usua_group_id_57f4d69f_fk_auth_grou; Type: FK CONSTRAINT; Schema: public; Owner: postgres
--

ALTER TABLE ONLY public."DatabaseManager_usuario_groups"
    ADD CONSTRAINT "DatabaseManager_usua_group_id_57f4d69f_fk_auth_grou" FOREIGN KEY (group_id) REFERENCES public.auth_group(id) DEFERRABLE INITIALLY DEFERRED;


--
-- Name: DatabaseManager_usuario_user_permissions DatabaseManager_usua_permission_id_eee2fde5_fk_auth_perm; Type: FK CONSTRAINT; Schema: public; Owner: postgres
--

ALTER TABLE ONLY public."DatabaseManager_usuario_user_permissions"
    ADD CONSTRAINT "DatabaseManager_usua_permission_id_eee2fde5_fk_auth_perm" FOREIGN KEY (permission_id) REFERENCES public.auth_permission(id) DEFERRABLE INITIALLY DEFERRED;


--
-- Name: DatabaseManager_usuario_user_permissions DatabaseManager_usua_usuario_id_cf6151c7_fk_DatabaseM; Type: FK CONSTRAINT; Schema: public; Owner: postgres
--

ALTER TABLE ONLY public."DatabaseManager_usuario_user_permissions"
    ADD CONSTRAINT "DatabaseManager_usua_usuario_id_cf6151c7_fk_DatabaseM" FOREIGN KEY (usuario_id) REFERENCES public."DatabaseManager_usuario"(id_usuario) DEFERRABLE INITIALLY DEFERRED;


--
-- Name: DatabaseManager_usuario_groups DatabaseManager_usua_usuario_id_ede59176_fk_DatabaseM; Type: FK CONSTRAINT; Schema: public; Owner: postgres
--

ALTER TABLE ONLY public."DatabaseManager_usuario_groups"
    ADD CONSTRAINT "DatabaseManager_usua_usuario_id_ede59176_fk_DatabaseM" FOREIGN KEY (usuario_id) REFERENCES public."DatabaseManager_usuario"(id_usuario) DEFERRABLE INITIALLY DEFERRED;


--
-- Name: DatabaseManager_vehiculousuario DatabaseManager_vehi_id_usuario_id_fa185939_fk_DatabaseM; Type: FK CONSTRAINT; Schema: public; Owner: postgres
--

ALTER TABLE ONLY public."DatabaseManager_vehiculousuario"
    ADD CONSTRAINT "DatabaseManager_vehi_id_usuario_id_fa185939_fk_DatabaseM" FOREIGN KEY (id_usuario_id) REFERENCES public."DatabaseManager_usuario"(id_usuario) DEFERRABLE INITIALLY DEFERRED;


--
-- Name: DatabaseManager_vehiculousuario DatabaseManager_vehi_id_vehiculo_id_dc4254f7_fk_DatabaseM; Type: FK CONSTRAINT; Schema: public; Owner: postgres
--

ALTER TABLE ONLY public."DatabaseManager_vehiculousuario"
    ADD CONSTRAINT "DatabaseManager_vehi_id_vehiculo_id_dc4254f7_fk_DatabaseM" FOREIGN KEY (id_vehiculo_id) REFERENCES public."DatabaseManager_vehiculos"(id_vehiculo) DEFERRABLE INITIALLY DEFERRED;


--
-- Name: auth_group_permissions auth_group_permissio_permission_id_84c5c92e_fk_auth_perm; Type: FK CONSTRAINT; Schema: public; Owner: postgres
--

ALTER TABLE ONLY public.auth_group_permissions
    ADD CONSTRAINT auth_group_permissio_permission_id_84c5c92e_fk_auth_perm FOREIGN KEY (permission_id) REFERENCES public.auth_permission(id) DEFERRABLE INITIALLY DEFERRED;


--
-- Name: auth_group_permissions auth_group_permissions_group_id_b120cbf9_fk_auth_group_id; Type: FK CONSTRAINT; Schema: public; Owner: postgres
--

ALTER TABLE ONLY public.auth_group_permissions
    ADD CONSTRAINT auth_group_permissions_group_id_b120cbf9_fk_auth_group_id FOREIGN KEY (group_id) REFERENCES public.auth_group(id) DEFERRABLE INITIALLY DEFERRED;


--
-- Name: auth_permission auth_permission_content_type_id_2f476e4b_fk_django_co; Type: FK CONSTRAINT; Schema: public; Owner: postgres
--

ALTER TABLE ONLY public.auth_permission
    ADD CONSTRAINT auth_permission_content_type_id_2f476e4b_fk_django_co FOREIGN KEY (content_type_id) REFERENCES public.django_content_type(id) DEFERRABLE INITIALLY DEFERRED;


--
-- Name: django_admin_log django_admin_log_content_type_id_c4bce8eb_fk_django_co; Type: FK CONSTRAINT; Schema: public; Owner: postgres
--

ALTER TABLE ONLY public.django_admin_log
    ADD CONSTRAINT django_admin_log_content_type_id_c4bce8eb_fk_django_co FOREIGN KEY (content_type_id) REFERENCES public.django_content_type(id) DEFERRABLE INITIALLY DEFERRED;


--
-- Name: django_admin_log django_admin_log_user_id_c564eba6_fk_DatabaseM; Type: FK CONSTRAINT; Schema: public; Owner: postgres
--

ALTER TABLE ONLY public.django_admin_log
    ADD CONSTRAINT "django_admin_log_user_id_c564eba6_fk_DatabaseM" FOREIGN KEY (user_id) REFERENCES public."DatabaseManager_usuario"(id_usuario) DEFERRABLE INITIALLY DEFERRED;


--
-- Name: SCHEMA public; Type: ACL; Schema: -; Owner: postgres
--

REVOKE USAGE ON SCHEMA public FROM PUBLIC;


--
-- PostgreSQL database dump complete
--

